Beam,Date,Time,RTT(ms),Download(kbit/s),Upload(kbit/s)
1000,2018-11-14,1324,672.039,1423.36,1536.0
1000,2018-11-14,1335,1123.248,0.0,757.76
1000,2018-11-14,1340,737.352,1044.48,245.76
1000,2018-11-14,1345,1440.339,870.4,1822.72
1000,2018-11-14,1350,1821.737,665.6,1730.56
1000,2018-11-14,1355,,,
1000,2018-11-14,1400,1172.809,245.76,1802.24
1000,2018-11-14,1405,638.54,808.96,1832.96
1000,2018-11-14,1410,1825.518,71.68,1085.44
1000,2018-11-14,1415,2037.307,778.24,1802.24
1000,2018-11-14,1416,,,
1000,2018-11-14,1420,493.681,378.88,1658.88
1000,2018-11-14,1425,1497.258,0.0,1116.16
1000,2018-11-14,1430,823.469,768.0,1443.84
1000,2018-11-14,1435,1165.848,71.68,860.16
1000,2018-11-14,1440,1527.816,696.32,798.72
1000,2018-11-14,1445,504.022,0.0,1105.92
1000,2018-11-14,1450,,,
1000,2018-11-14,1455,487.097,849.92,1669.12
1000,2018-11-14,1500,661.758,1013.76,1689.6
1000,2018-11-14,1505,534.889,512.0,1587.2
1000,2018-11-14,1506,712.323,942.08,0.0
1000,2018-11-14,1510,1502.731,706.56,1587.2
1000,2018-11-14,1515,1166.894,163.84,1525.76
1000,2018-11-14,1520,814.801,614.4,1648.64
1000,2018-11-14,1525,500.81,0.0,1085.44
1000,2018-11-14,1530,813.841,153.6,1812.48
1000,2018-11-14,1535,839.862,133.12,1638.4
1000,2018-11-14,1540,501.904,634.88,1822.72
1000,2018-11-14,1545,500.162,0.0,0.0
1000,2018-11-14,1550,669.755,716.8,1198.08
1000,2018-11-14,1555,825.078,389.12,1423.36
1000,2018-11-14,1600,,,
1000,2018-11-14,1605,1739.785,0.0,1085.44
1000,2018-11-14,1610,,,
1000,2018-11-14,1615,,,
1000,2018-11-14,1620,794.46,0.0,552.96
1000,2018-11-14,1625,,,
1000,2018-11-14,1630,,,
1000,2018-11-14,1635,,,
1000,2018-11-14,1640,633.173,481.28,1812.48
1000,2018-11-14,1645,451.143,931.84,1310.72
1000,2018-11-14,1650,650.709,327.68,1822.72
1000,2018-11-14,1655,478.524,0.0,1146.88
1000,2018-11-14,1700,491.437,921.6,1720.32
1000,2018-11-14,1705,842.015,911.36,1822.72
1000,2018-11-14,1710,533.517,30.72,1003.52
1000,2018-11-14,1715,,,
1000,2018-11-14,1720,,,
1000,2018-11-14,1725,1836.2,614.4,1536.0
1000,2018-11-14,1730,,,
1000,2018-11-14,1735,824.988,0.0,1085.44
1000,2018-11-14,1740,,,
1000,2018-11-14,1745,2510.7,81.92,1136.64
1000,2018-11-14,1750,2580.247,1064.96,1914.88
1000,2018-11-14,1755,504.682,573.44,1792.0
1000,2018-11-14,1800,469.592,0.0,942.08
1000,2018-11-14,1805,1782.038,512.0,1546.24
1000,2018-11-14,1810,,,
1000,2018-11-14,1815,733.296,727.04,1413.12
1000,2018-11-14,1820,1158.364,30.72,921.6
1000,2018-11-14,1825,1105.356,1382.4,1720.32
1000,2018-11-14,1830,487.569,1290.24,1607.68
1000,2018-11-14,1835,,,
1000,2018-11-14,1840,1016.855,757.76,235.52
1000,2018-11-14,1845,794.208,81.92,563.2
1000,2018-11-14,1850,820.373,409.6,1546.24
1000,2018-11-14,1855,787.862,1454.08,1423.36
1000,2018-11-14,1900,,,
1000,2018-11-14,1905,1551.885,563.2,1382.4
1000,2018-11-14,1910,1832.726,245.76,1515.52
1000,2018-11-14,1915,661.082,0.0,860.16
1000,2018-11-14,1920,952.068,1249.28,1423.36
1000,2018-11-14,1925,,,
1000,2018-11-14,1930,666.619,1454.08,1638.4
1000,2018-11-14,1935,1193.028,901.12,1228.8
1000,2018-11-14,1940,506.894,890.88,1382.4
1000,2018-11-14,1945,924.423,1863.68,1587.2
1000,2018-11-14,1950,1525.773,573.44,1914.88
1000,2018-11-14,1955,498.428,1136.64,593.92
1000,2018-11-14,2000,1324.309,942.08,1443.84
1000,2018-11-14,2005,491.156,102.4,1372.16
1000,2018-11-14,2010,1143.823,81.92,983.04
1000,2018-11-14,2015,457.598,604.16,1064.96
1000,2018-11-14,2020,816.269,81.92,952.32
1000,2018-11-14,2025,812.934,624.64,286.72
1000,2018-11-14,2030,452.138,0.0,1024.0
1000,2018-11-14,2035,667.255,0.0,1239.04
1000,2018-11-14,2040,,,
1000,2018-11-14,2045,,,
1000,2018-11-14,2050,478.201,614.4,1935.36
1000,2018-11-14,2055,489.335,0.0,1198.08
1000,2018-11-14,2100,480.159,921.6,1638.4
1000,2018-11-14,2105,466.48,911.36,1761.28
1000,2018-11-14,2110,1082.238,1095.68,1730.56
1000,2018-11-14,2115,484.967,0.0,0.0
1000,2018-11-14,2120,,,
1000,2018-11-14,2125,484.804,1515.52,1679.36
1000,2018-11-14,2130,579.038,1863.68,1966.08
1000,2018-11-14,2135,,,
1000,2018-11-14,2140,458.398,1505.28,1863.68
1000,2018-11-14,2145,1169.078,1280.0,1249.28
1000,2018-11-14,2150,474.378,460.8,1781.76
1000,2018-11-14,2155,456.392,1116.16,1669.12
1000,2018-11-14,2200,481.52,419.84,1239.04
1000,2018-11-14,2205,,,
1000,2018-11-14,2210,1140.207,1290.24,1761.28
1000,2018-11-14,2215,497.447,143.36,1873.92
1000,2018-11-14,2220,462.111,512.0,1853.44
1000,2018-11-14,2225,476.053,1372.16,1894.4
1000,2018-11-14,2230,1426.506,40.96,1136.64
1000,2018-11-14,2235,610.08,880.64,1740.8
1000,2018-11-14,2240,496.775,1126.4,1914.88
1000,2018-11-14,2245,674.14,1792.0,1853.44
1000,2018-11-14,2250,1748.471,0.0,634.88
1000,2018-11-14,2255,,,
1000,2018-11-14,2300,1425.576,1873.92,1761.28
1000,2018-11-14,2305,1151.042,1361.92,1751.04
1000,2018-11-14,2310,694.652,768.0,1361.92
1000,2018-11-14,2315,,,
1000,2018-11-14,2320,1151.826,931.84,1413.12
1000,2018-11-14,2325,,,
1000,2018-11-14,2330,,,
1000,2018-11-14,2335,,,
1000,2018-11-14,2340,1073.083,71.68,1249.28
1000,2018-11-14,2345,635.394,614.4,2293.76
1000,2018-11-14,2350,452.081,0.0,1556.48
1000,2018-11-14,2355,806.479,563.2,2437.12
1000,2018-11-15,0000,444.348,430.08,2938.88
1000,2018-11-15,0005,,,
1000,2018-11-15,0010,1169.406,1064.96,2283.52
1000,2018-11-15,0015,559.742,389.12,2406.4
1000,2018-11-15,0020,427.395,696.32,2959.36
1000,2018-11-15,0025,,,
1000,2018-11-15,0030,647.681,174.08,2846.72
1000,2018-11-15,0035,466.436,327.68,2416.64
1000,2018-11-15,0040,,,
1000,2018-11-15,0045,476.106,317.44,2058.24
1000,2018-11-15,0050,484.435,419.84,2334.72
1000,2018-11-15,0055,965.243,1576.96,2969.6
1000,2018-11-15,0100,,,
1000,2018-11-15,0105,,,
1000,2018-11-15,0110,,,
1000,2018-11-15,0115,479.402,512.0,337.92
1000,2018-11-15,0120,628.1,1054.72,337.92
1000,2018-11-15,0125,,,
1000,2018-11-15,0130,585.812,1208.32,2949.12
1000,2018-11-15,0135,452.457,880.64,2836.48
1000,2018-11-15,0140,648.456,675.84,2365.44
1000,2018-11-15,0145,556.844,798.72,2406.4
1000,2018-11-15,0150,1809.861,819.2,2314.24
1000,2018-11-15,0155,440.43,81.92,1566.72
1000,2018-11-15,0200,1793.894,1894.4,993.28
1000,2018-11-15,0205,429.681,942.08,2754.56
1000,2018-11-15,0210,808.695,1413.12,348.16
1000,2018-11-15,0215,,,
1000,2018-11-15,0220,,,
1000,2018-11-15,0225,647.419,870.4,2918.4
1000,2018-11-15,0230,496.613,81.92,1556.48
1000,2018-11-15,0235,506.254,122.88,1658.88
1000,2018-11-15,0240,633.366,440.32,3000.32
1000,2018-11-15,0245,433.734,993.28,3010.56
1000,2018-11-15,0250,487.655,133.12,122.88
1000,2018-11-15,0255,462.942,1167.36,2959.36
1000,2018-11-15,0300,1108.01,563.2,409.6
1000,2018-11-15,0305,431.695,1658.88,2949.12
1000,2018-11-15,0310,427.808,245.76,2938.88
1000,2018-11-15,0315,1119.423,1730.56,2918.4
1000,2018-11-15,0320,,,
1000,2018-11-15,0325,,,
1000,2018-11-15,0330,613.242,0.0,1433.6
1000,2018-11-15,0335,962.565,972.8,2867.2
1000,2018-11-15,0340,,,
1000,2018-11-15,0345,,,
1000,2018-11-15,0350,936.451,1454.08,2867.2
1000,2018-11-15,0355,,,
1000,2018-11-15,0400,1172.241,737.28,2129.92
1000,2018-11-15,0405,439.48,1157.12,2170.88
1000,2018-11-15,0410,,,
1000,2018-11-15,0415,,,
1000,2018-11-15,0420,484.466,1607.68,2027.52
1000,2018-11-15,0425,471.011,880.64,624.64
1000,2018-11-15,0430,1137.067,450.56,2529.28
1000,2018-11-15,0435,,,
1000,2018-11-15,0440,,,
1000,2018-11-15,0445,,,
1000,2018-11-15,0450,,,
1000,2018-11-15,0455,1103.435,1259.52,2918.4
1000,2018-11-15,0500,,,
1000,2018-11-15,0505,1116.642,1320.96,2406.4
1000,2018-11-15,0510,461.813,0.0,1587.2
1000,2018-11-15,0515,485.186,1699.84,2406.4
1000,2018-11-15,0520,1278.079,1443.84,378.88
1000,2018-11-15,0525,559.854,0.0,1566.72
1000,2018-11-15,0530,,,
1000,2018-11-15,0535,1106.479,10.24,1576.96
1000,2018-11-15,0540,823.294,1392.64,2396.16
1000,2018-11-15,0545,519.519,655.36,2283.52
1000,2018-11-15,0550,439.536,450.56,2918.4
1000,2018-11-15,0555,,,
1000,2018-11-15,0600,808.99,194.56,2396.16
1000,2018-11-15,0605,808.571,1290.24,2426.88
1000,2018-11-15,0610,1068.665,1423.36,440.32
1000,2018-11-15,0615,1640.169,1064.96,2826.24
1000,2018-11-15,0620,810.189,81.92,890.88
1000,2018-11-15,0625,1153.407,102.4,2334.72
1000,2018-11-15,0630,1451.298,348.16,2754.56
1000,2018-11-15,0635,,,
1000,2018-11-15,0640,816.928,1269.76,2365.44
1000,2018-11-15,0645,440.698,696.32,2969.6
1000,2018-11-15,0650,,,
1000,2018-11-15,0655,495.778,890.88,2406.4
1000,2018-11-15,0700,,,
1000,2018-11-15,0705,595.899,1157.12,2816.0
1000,2018-11-15,0710,502.371,1454.08,2426.88
1000,2018-11-15,0715,800.656,1290.24,1761.28
1000,2018-11-15,0720,792.813,604.16,0.0
1000,2018-11-15,0725,462.932,0.0,1464.32
1000,2018-11-15,0730,,,
1000,2018-11-15,0735,882.511,624.64,1996.8
1000,2018-11-15,0740,801.441,1095.68,2375.68
1000,2018-11-15,0745,666.343,665.6,2365.44
1000,2018-11-15,0750,481.393,399.36,2344.96
1000,2018-11-15,0755,,,
1000,2018-11-15,0800,1030.107,983.04,2611.2
1000,2018-11-15,0805,634.743,389.12,2160.64
1000,2018-11-15,0810,469.677,972.8,122.88
1000,2018-11-15,0815,684.862,348.16,2027.52
1000,2018-11-15,0820,627.798,471.04,2764.8
1000,2018-11-15,0825,432.963,665.6,2652.16
1000,2018-11-15,0830,444.87,1034.24,256.0
1000,2018-11-15,0835,511.166,819.2,2621.44
1000,2018-11-15,0840,429.782,184.32,2754.56
1000,2018-11-15,0845,,,
1000,2018-11-15,0850,485.895,1372.16,2355.2
1000,2018-11-15,0855,,,
1000,2018-11-15,0900,810.417,573.44,2478.08
1000,2018-11-15,0905,,,
1000,2018-11-15,0910,486.021,624.64,2273.28
106,2018-11-15,0915,832.702,604.16,2928.64
106,2018-11-15,0920,439.798,1034.24,2775.04
106,2018-11-15,0925,475.065,1116.16,2283.52
106,2018-11-15,0930,956.907,481.28,2498.56
106,2018-11-15,0935,466.55,276.48,2938.88
106,2018-11-15,0940,464.065,1300.48,2928.64
106,2018-11-15,0945,462.781,727.04,2344.96
106,2018-11-15,0950,,,
106,2018-11-15,0955,540.942,1351.68,2846.72
106,2018-11-15,1000,502.126,430.08,2181.12
106,2018-11-15,1005,1297.297,317.44,2396.16
106,2018-11-15,1010,,,
106,2018-11-15,1015,673.158,501.76,2826.24
106,2018-11-15,1020,464.942,1228.8,2877.44
106,2018-11-15,1025,630.184,0.0,1546.24
106,2018-11-15,1030,465.896,317.44,2877.44
106,2018-11-15,1035,793.922,1443.84,2222.08
106,2018-11-15,1040,832.777,716.8,2580.48
106,2018-11-15,1045,999.844,542.72,2836.48
106,2018-11-15,1050,1258.42,542.72,2478.08
106,2018-11-15,1055,1188.595,460.8,0.0
106,2018-11-15,1100,1281.862,921.6,706.56
106,2018-11-15,1105,458.679,1198.08,1546.24
106,2018-11-15,1110,468.266,860.16,1914.88
106,2018-11-15,1115,606.501,532.48,2723.84
106,2018-11-15,1120,563.444,727.04,2621.44
106,2018-11-15,1125,1302.125,471.04,2713.6
106,2018-11-15,1130,462.738,450.56,2017.28
106,2018-11-15,1135,,,
106,2018-11-15,1140,936.107,235.52,2703.36
106,2018-11-15,1145,479.91,614.4,2344.96
106,2018-11-15,1150,,,
106,2018-11-15,1155,476.12,962.56,1556.48
106,2018-11-15,1200,575.591,1372.16,2068.48
106,2018-11-15,1205,855.828,337.92,1986.56
106,2018-11-15,1210,1369.392,1341.44,2498.56
106,2018-11-15,1215,506.322,552.96,1966.08
106,2018-11-15,1220,677.677,419.84,2088.96
106,2018-11-15,1225,,,
106,2018-11-15,1230,824.273,0.0,1546.24
106,2018-11-15,1235,1107.881,532.48,2314.24
106,2018-11-15,1240,579.71,399.36,2682.88
106,2018-11-15,1245,455.424,542.72,2242.56
106,2018-11-15,1250,489.45,194.56,0.0
106,2018-11-15,1255,686.411,225.28,2631.68
106,2018-11-15,1300,638.2,194.56,2754.56
106,2018-11-15,1305,469.273,686.08,2334.72
106,2018-11-15,1310,,,
106,2018-11-15,1315,958.581,307.2,1976.32
106,2018-11-15,1320,1171.579,256.0,2437.12
106,2018-11-15,1325,449.61,675.84,2498.56
106,2018-11-15,1330,682.875,296.96,1556.48
106,2018-11-15,1335,1334.39,286.72,1996.8
106,2018-11-15,1340,467.276,1228.8,624.64
106,2018-11-15,1345,,,
106,2018-11-15,1350,,,
106,2018-11-15,1355,,,
106,2018-11-15,1400,588.32,1402.88,2283.52
106,2018-11-15,1405,1294.939,665.6,2314.24
106,2018-11-15,1410,444.123,808.96,2856.96
106,2018-11-15,1415,,,
106,2018-11-15,1420,834.399,1177.6,2314.24
106,2018-11-15,1425,793.395,952.32,2222.08
106,2018-11-15,1430,787.355,768.0,2048.0
106,2018-11-15,1435,1136.648,1054.72,2355.2
106,2018-11-15,1440,477.178,1239.04,2836.48
106,2018-11-15,1445,630.499,1075.2,337.92
106,2018-11-15,1450,448.643,1382.4,2406.4
106,2018-11-15,1455,612.857,1300.48,2304.0
106,2018-11-15,1500,786.263,675.84,2754.56
106,2018-11-15,1505,479.36,829.44,2263.04
106,2018-11-15,1510,817.599,921.6,2867.2
106,2018-11-15,1515,1299.844,1607.68,2252.8
106,2018-11-15,1520,,,
106,2018-11-15,1525,467.867,512.0,2529.28
106,2018-11-15,1530,1313.906,307.2,2969.6
106,2018-11-15,1535,479.956,1095.68,2355.2
106,2018-11-15,1540,451.806,1515.52,2519.04
106,2018-11-15,1545,,,
106,2018-11-15,1550,,,
106,2018-11-15,1555,1115.982,143.36,2519.04
106,2018-11-15,1600,610.977,512.0,2222.08
106,2018-11-15,1605,696.534,686.08,2703.36
106,2018-11-15,1610,1133.608,143.36,2406.4
106,2018-11-15,1615,456.184,983.04,2252.8
106,2018-11-15,1620,800.696,440.32,2293.76
106,2018-11-15,1625,473.748,1095.68,2232.32
106,2018-11-15,1630,591.782,1136.64,2375.68
106,2018-11-15,1635,464.281,1064.96,1730.56
106,2018-11-15,1640,458.181,808.96,1986.56
106,2018-11-15,1645,435.537,1382.4,2211.84
106,2018-11-15,1650,438.156,1218.56,2099.2
106,2018-11-15,1655,455.936,1126.4,1679.36
106,2018-11-15,1700,568.639,1198.08,2242.56
106,2018-11-15,1705,467.844,962.56,2129.92
106,2018-11-15,1710,444.704,1228.8,2222.08
106,2018-11-15,1715,465.032,1136.64,2201.6
106,2018-11-15,1720,541.655,819.2,2775.04
106,2018-11-15,1725,441.171,931.84,2488.32
106,2018-11-15,1730,455.219,1105.92,2211.84
106,2018-11-15,1735,599.777,1300.48,1433.6
106,2018-11-15,1740,442.574,942.08,2273.28
106,2018-11-15,1745,475.022,952.32,2283.52
106,2018-11-15,1750,474.026,890.88,2744.32
106,2018-11-15,1755,489.745,1454.08,2344.96
106,2018-11-15,1800,517.58,1771.52,1628.16
106,2018-11-15,1805,505.078,1269.76,2324.48
106,2018-11-15,1810,479.2,1290.24,1239.04
106,2018-11-15,1815,475.166,1310.72,2355.2
106,2018-11-15,1820,612.65,860.16,2549.76
106,2018-11-15,1825,499.038,962.56,1955.84
106,2018-11-15,1830,481.649,1402.88,2088.96
106,2018-11-15,1835,474.973,1351.68,2048.0
106,2018-11-15,1840,558.364,1187.84,1976.32
106,2018-11-15,1845,468.009,993.28,2304.0
106,2018-11-15,1850,478.994,1034.24,2457.6
106,2018-11-15,1855,555.778,1085.44,2109.44
106,2018-11-15,1900,461.952,860.16,1996.8
106,2018-11-15,1905,498.04,778.24,2539.52
106,2018-11-15,1910,454.546,880.64,2007.04
106,2018-11-15,1915,459.713,942.08,2170.88
106,2018-11-15,1920,480.134,890.88,1259.52
106,2018-11-15,1925,492.768,655.36,1679.36
106,2018-11-15,1930,486.765,665.6,2119.68
106,2018-11-15,1935,442.093,911.36,2816.0
106,2018-11-15,1940,451.541,1320.96,2672.64
106,2018-11-15,1945,464.731,1157.12,2416.64
106,2018-11-15,1950,453.4,1433.6,2263.04
106,2018-11-15,1955,479.29,942.08,2283.52
106,2018-11-15,2000,452.41,1228.8,2385.92
106,2018-11-15,2005,454.812,1208.32,2222.08
106,2018-11-15,2010,511.478,1054.72,2273.28
106,2018-11-15,2015,483.251,1157.12,2426.88
106,2018-11-15,2020,474.453,1218.56,2191.36
106,2018-11-15,2025,487.472,890.88,2344.96
106,2018-11-15,2030,554.185,368.64,1638.4
106,2018-11-15,2035,488.029,327.68,1884.16
106,2018-11-15,2040,505.754,419.84,2160.64
106,2018-11-15,2045,467.681,983.04,2283.52
106,2018-11-15,2050,483.712,1136.64,1146.88
106,2018-11-15,2055,443.442,849.92,2304.0
106,2018-11-15,2100,565.913,1290.24,1935.36
106,2018-11-15,2105,490.517,860.16,2211.84
106,2018-11-15,2110,482.315,870.4,2129.92
106,2018-11-15,2115,479.767,1003.52,2170.88
106,2018-11-15,2120,442.925,942.08,2406.4
106,2018-11-15,2125,476.72,1105.92,2232.32
106,2018-11-15,2130,491.028,1024.0,2478.08
106,2018-11-15,2135,487.525,1126.4,2283.52
106,2018-11-15,2140,543.726,1443.84,2140.16
106,2018-11-15,2145,456.656,1198.08,1976.32
106,2018-11-15,2150,605.415,1310.72,2713.6
106,2018-11-15,2155,450.365,1280.0,2488.32
106,2018-11-15,2200,558.986,1310.72,2334.72
106,2018-11-15,2205,501.221,993.28,2682.88
106,2018-11-15,2210,449.949,1146.88,1525.76
106,2018-11-15,2215,451.473,1382.4,2334.72
106,2018-11-15,2220,450.032,1935.36,2437.12
106,2018-11-15,2225,501.464,1843.2,2283.52
106,2018-11-15,2230,514.957,737.28,2078.72
106,2018-11-15,2235,480.009,788.48,2027.52
106,2018-11-15,2240,454.789,1392.64,2488.32
106,2018-11-15,2245,521.934,921.6,2365.44
106,2018-11-15,2250,450.345,778.24,2457.6
106,2018-11-15,2255,451.558,1095.68,2344.96
106,2018-11-15,2300,449.051,1044.48,2365.44
106,2018-11-15,2305,451.067,1075.2,2263.04
106,2018-11-15,2310,451.757,1208.32,2211.84
106,2018-11-15,2315,441.662,1382.4,2263.04
106,2018-11-15,2320,451.072,1013.76,2191.36
106,2018-11-15,2325,476.493,1054.72,2222.08
106,2018-11-15,2330,464.784,962.56,2181.12
106,2018-11-15,2335,447.659,1310.72,2232.32
106,2018-11-15,2340,446.596,1187.84,1320.96
106,2018-11-15,2345,439.826,1832.96,2150.4
106,2018-11-15,2350,428.456,1945.6,1433.6
106,2018-11-15,2355,435.086,1986.56,1658.88
106,2018-11-16,0000,431.861,1966.08,1454.08
106,2018-11-16,0005,448.381,2160.64,2273.28
106,2018-11-16,0010,471.658,1976.32,2263.04
106,2018-11-16,0015,440.215,1986.56,2344.96
106,2018-11-16,0020,435.313,1986.56,2222.08
106,2018-11-16,0025,437.778,1658.88,2293.76
106,2018-11-16,0030,458.724,1361.92,2334.72
106,2018-11-16,0035,458.182,1280.0,2283.52
106,2018-11-16,0040,481.351,1136.64,2170.88
106,2018-11-16,0045,451.654,1474.56,2826.24
106,2018-11-16,0050,458.683,1658.88,2283.52
106,2018-11-16,0055,455.272,1617.92,2344.96
106,2018-11-16,0100,461.897,1597.44,2426.88
106,2018-11-16,0105,479.287,1372.16,2273.28
106,2018-11-16,0110,498.306,1894.4,1515.52
106,2018-11-16,0115,461.168,1863.68,2283.52
106,2018-11-16,0120,443.391,1699.84,2406.4
106,2018-11-16,0125,479.463,1894.4,2416.64
106,2018-11-16,0130,474.905,1792.0,2293.76
106,2018-11-16,0135,467.066,1812.48,2826.24
106,2018-11-16,0140,455.977,1935.36,2222.08
106,2018-11-16,0145,469.115,1884.16,2283.52
106,2018-11-16,0150,464.007,1628.16,2457.6
106,2018-11-16,0155,443.725,1843.2,2775.04
106,2018-11-16,0200,447.649,1761.28,2764.8
106,2018-11-16,0205,444.72,1894.4,2918.4
106,2018-11-16,0210,470.047,1873.92,2263.04
106,2018-11-16,0215,438.232,1792.0,2406.4
106,2018-11-16,0220,447.413,1884.16,1832.96
106,2018-11-16,0225,484.568,1873.92,2355.2
106,2018-11-16,0230,430.71,1914.88,2355.2
106,2018-11-16,0235,440.602,1628.16,2273.28
106,2018-11-16,0240,435.131,1525.76,2365.44
106,2018-11-16,0245,447.704,1986.56,2283.52
106,2018-11-16,0250,438.036,1863.68,2293.76
106,2018-11-16,0255,438.557,1873.92,2426.88
106,2018-11-16,0300,441.536,1792.0,2355.2
106,2018-11-16,0305,439.29,1863.68,2283.52
106,2018-11-16,0310,437.898,1884.16,1945.6
106,2018-11-16,0315,420.903,1832.96,2846.72
106,2018-11-16,0320,452.044,2068.48,2385.92
106,2018-11-16,0325,455.985,1894.4,2273.28
106,2018-11-16,0330,452.938,1699.84,2293.76
106,2018-11-16,0335,436.446,1075.2,2304.0
106,2018-11-16,0340,523.222,1904.64,2273.28
106,2018-11-16,0345,436.926,1064.96,2887.68
106,2018-11-16,0350,475.449,1064.96,2252.8
106,2018-11-16,0355,456.579,1372.16,2344.96
106,2018-11-16,0400,432.953,1208.32,2365.44
106,2018-11-16,0405,439.372,1208.32,2273.28
106,2018-11-16,0410,491.706,993.28,1781.76
106,2018-11-16,0415,447.953,1525.76,2928.64
106,2018-11-16,0420,452.06,1259.52,2897.92
106,2018-11-16,0425,421.743,1843.2,2754.56
106,2018-11-16,0430,431.359,1884.16,2785.28
106,2018-11-16,0435,443.247,1873.92,2856.96
106,2018-11-16,0440,463.472,1669.12,2283.52
106,2018-11-16,0445,441.46,1873.92,1986.56
106,2018-11-16,0450,491.456,1413.12,2355.2
106,2018-11-16,0455,441.388,1792.0,1474.56
106,2018-11-16,0500,466.883,1638.4,2283.52
106,2018-11-16,0505,449.481,1863.68,1935.36
106,2018-11-16,0510,463.734,1812.48,2334.72
106,2018-11-16,0515,453.844,1628.16,2273.28
106,2018-11-16,0520,463.1,1781.76,2344.96
106,2018-11-16,0525,484.613,1863.68,2324.48
106,2018-11-16,0530,455.235,1976.32,2334.72
106,2018-11-16,0535,568.293,2129.92,2334.72
106,2018-11-16,0540,521.053,2068.48,2304.0
106,2018-11-16,0545,430.537,1853.44,2396.16
106,2018-11-16,0550,468.138,2017.28,1525.76
106,2018-11-16,0555,437.912,2191.36,2406.4
106,2018-11-16,0600,441.841,2058.24,2344.96
106,2018-11-16,0605,466.22,2017.28,2396.16
106,2018-11-16,0610,466.545,1873.92,2283.52
106,2018-11-16,0615,476.667,1955.84,2222.08
106,2018-11-16,0620,445.243,1873.92,2334.72
106,2018-11-16,0625,437.116,1689.6,2283.52
106,2018-11-16,0630,466.077,1781.76,2365.44
106,2018-11-16,0635,488.906,1832.96,2293.76
106,2018-11-16,0640,441.692,1966.08,2017.28
106,2018-11-16,0645,446.464,1372.16,2877.44
106,2018-11-16,0650,460.135,1546.24,2263.04
106,2018-11-16,0655,507.9,1792.0,2242.56
106,2018-11-16,0700,450.793,1843.2,2396.16
106,2018-11-16,0705,445.022,1945.6,2263.04
106,2018-11-16,0710,484.384,1300.48,2283.52
106,2018-11-16,0715,491.329,1556.48,2273.28
106,2018-11-16,0720,487.324,1146.88,2334.72
106,2018-11-16,0725,444.822,1269.76,2703.36
106,2018-11-16,0730,442.571,1576.96,2590.72
106,2018-11-16,0735,452.089,1771.52,2283.52
106,2018-11-16,0740,534.491,1361.92,2283.52
106,2018-11-16,0745,445.005,1331.2,2703.36
106,2018-11-16,0750,474.961,1239.04,2191.36
106,2018-11-16,0755,485.693,1474.56,2273.28
106,2018-11-16,0800,473.395,634.88,2007.04
106,2018-11-16,0805,436.307,1208.32,2273.28
106,2018-11-16,0810,465.755,962.56,2283.52
106,2018-11-16,0815,471.586,1146.88,2344.96
106,2018-11-16,0820,461.889,901.12,2355.2
106,2018-11-16,0825,438.299,655.36,2887.68
106,2018-11-16,0830,434.084,808.96,2897.92
106,2018-11-16,0835,437.114,808.96,2775.04
106,2018-11-16,0840,444.953,1187.84,2222.08
106,2018-11-16,0845,483.284,337.92,2222.08
106,2018-11-16,0850,481.807,245.76,2150.4
106,2018-11-16,0855,428.207,491.52,2877.44
106,2018-11-16,0900,479.853,778.24,2344.96
106,2018-11-16,0905,456.923,1003.52,2099.2
106,2018-11-16,0910,454.462,1044.48,2314.24
106,2018-11-16,0915,456.451,942.08,2273.28
106,2018-11-16,0920,480.118,1167.36,2222.08
106,2018-11-16,0925,448.197,1136.64,2160.64
106,2018-11-16,0930,443.523,532.48,2068.48
106,2018-11-16,0935,603.782,276.48,2211.84
106,2018-11-16,0940,466.86,1013.76,2263.04
106,2018-11-16,0945,449.04,1095.68,2324.48
106,2018-11-16,0950,469.512,1372.16,2836.48
106,2018-11-16,0955,470.824,808.96,2539.52
106,2018-11-16,1000,470.035,778.24,2324.48
106,2018-11-16,1005,643.346,215.04,2088.96
106,2018-11-16,1010,502.803,296.96,2160.64
106,2018-11-16,1015,613.529,225.28,2672.64
106,2018-11-16,1020,662.786,440.32,2150.4
106,2018-11-16,1025,460.182,450.56,2580.48
106,2018-11-16,1030,442.543,624.64,2273.28
106,2018-11-16,1035,451.352,1034.24,2283.52
106,2018-11-16,1040,447.785,1044.48,2078.72
106,2018-11-16,1045,468.826,522.24,2129.92
106,2018-11-16,1050,482.806,583.68,2140.16
106,2018-11-16,1055,448.929,727.04,1495.04
106,2018-11-16,1100,504.59,450.56,2263.04
106,2018-11-16,1105,491.899,552.96,2201.6
106,2018-11-16,1110,483.021,430.08,2150.4
106,2018-11-16,1115,514.18,378.88,2140.16
106,2018-11-16,1120,507.611,204.8,2222.08
106,2018-11-16,1125,726.204,286.72,2795.52
106,2018-11-16,1130,437.816,491.52,2713.6
106,2018-11-16,1135,489.769,399.36,1699.84
106,2018-11-16,1140,444.969,675.84,1976.32
106,2018-11-16,1145,460.075,921.6,2908.16
106,2018-11-16,1150,454.435,808.96,2283.52
106,2018-11-16,1155,437.701,1095.68,2928.64
106,2018-11-16,1200,531.353,952.32,2273.28
106,2018-11-16,1205,495.479,696.32,2191.36
106,2018-11-16,1210,441.254,890.88,2611.2
106,2018-11-16,1215,482.41,706.56,2252.8
106,2018-11-16,1220,431.705,716.8,2344.96
106,2018-11-16,1225,595.214,727.04,2365.44
106,2018-11-16,1230,553.655,563.2,2201.6
106,2018-11-16,1235,459.83,593.92,2058.24
106,2018-11-16,1240,800.721,327.68,1925.12
106,2018-11-16,1245,949.805,92.16,1495.04
106,2018-11-16,1250,568.274,266.24,2078.72
106,2018-11-16,1255,1044.617,112.64,2129.92
106,2018-11-16,1300,573.597,194.56,2058.24
106,2018-11-16,1305,479.798,552.96,2119.68
106,2018-11-16,1310,448.517,563.2,1699.84
106,2018-11-16,1315,450.044,747.52,2713.6
106,2018-11-16,1320,496.891,471.04,2426.88
106,2018-11-16,1325,471.321,696.32,2211.84
106,2018-11-16,1330,503.946,614.4,2017.28
106,2018-11-16,1335,476.829,552.96,2160.64
106,2018-11-16,1340,459.563,675.84,2242.56
106,2018-11-16,1345,456.047,614.4,2078.72
106,2018-11-16,1350,477.119,768.0,1955.84
106,2018-11-16,1355,455.046,491.52,1075.2
106,2018-11-16,1400,493.833,696.32,2263.04
106,2018-11-16,1405,516.467,317.44,2242.56
106,2018-11-16,1410,549.314,532.48,2273.28
106,2018-11-16,1415,448.506,1454.08,2211.84
106,2018-11-16,1420,461.868,890.88,2211.84
106,2018-11-16,1425,453.887,901.12,2703.36
106,2018-11-16,1430,451.294,1208.32,2160.64
106,2018-11-16,1435,512.994,1116.16,2263.04
106,2018-11-16,1440,472.82,921.6,2273.28
106,2018-11-16,1445,466.8,901.12,2119.68
106,2018-11-16,1450,493.328,675.84,2252.8
106,2018-11-16,1455,434.369,757.76,2877.44
106,2018-11-16,1500,515.807,880.64,2191.36
106,2018-11-16,1505,812.129,184.32,2099.2
106,2018-11-16,1510,660.848,163.84,2570.24
106,2018-11-16,1515,469.006,737.28,2222.08
106,2018-11-16,1520,473.774,573.44,2283.52
106,2018-11-16,1525,431.483,727.04,2406.4
106,2018-11-16,1530,453.289,1013.76,2355.2
106,2018-11-16,1535,489.213,890.88,2232.32
106,2018-11-16,1540,485.05,768.0,2242.56
106,2018-11-16,1545,465.55,952.32,2314.24
106,2018-11-16,1550,460.034,737.28,2252.8
106,2018-11-16,1555,447.479,1136.64,2293.76
106,2018-11-16,1600,448.868,1167.36,2273.28
106,2018-11-16,1605,418.023,972.8,2897.92
106,2018-11-16,1610,504.542,542.72,2877.44
106,2018-11-16,1615,434.6,583.68,2764.8
106,2018-11-16,1620,440.52,727.04,2621.44
106,2018-11-16,1625,656.294,215.04,1474.56
106,2018-11-16,1630,472.64,696.32,2600.96
106,2018-11-16,1635,,,
106,2018-11-16,1640,480.468,839.68,2150.4
106,2018-11-16,1645,443.287,604.16,2242.56
106,2018-11-16,1650,475.112,1280.0,1341.44
106,2018-11-16,1655,451.673,1024.0,1290.24
106,2018-11-16,1700,436.383,808.96,1136.64
106,2018-11-16,1705,506.852,1597.44,819.2
106,2018-11-16,1710,478.432,1331.2,942.08
106,2018-11-16,1715,501.477,378.88,829.44
106,2018-11-16,1720,502.717,808.96,819.2
106,2018-11-16,1725,481.732,1382.4,788.48
106,2018-11-16,1730,448.67,870.4,1116.16
106,2018-11-16,1735,497.679,778.24,1433.6
106,2018-11-16,1740,498.255,983.04,1013.76
106,2018-11-16,1745,527.289,890.88,1187.84
106,2018-11-16,1750,460.015,972.8,1218.56
106,2018-11-16,1755,491.352,1699.84,1116.16
106,2018-11-16,1800,457.558,1249.28,1331.2
106,2018-11-16,1805,477.624,1013.76,1402.88
106,2018-11-16,1810,508.839,2088.96,1341.44
106,2018-11-16,1815,479.847,1884.16,1372.16
106,2018-11-16,1820,505.732,1484.8,1341.44
106,2018-11-16,1825,464.725,1310.72,1341.44
106,2018-11-16,1830,481.677,1699.84,1433.6
106,2018-11-16,1835,466.739,1720.32,1392.64
106,2018-11-16,1840,623.16,1443.84,1341.44
106,2018-11-16,1845,434.494,1218.56,1822.72
106,2018-11-16,1850,450.554,1392.64,1832.96
106,2018-11-16,1855,429.401,1320.96,1239.04
106,2018-11-16,1900,485.055,1372.16,1341.44
106,2018-11-16,1905,483.712,1208.32,1331.2
106,2018-11-16,1910,464.611,880.64,1310.72
106,2018-11-16,1915,526.274,655.36,1320.96
106,2018-11-16,1920,455.043,1228.8,1320.96
106,2018-11-16,1925,466.553,1382.4,1310.72
106,2018-11-16,1930,461.118,921.6,1198.08
106,2018-11-16,1935,488.37,1464.32,2140.16
106,2018-11-16,1940,534.458,1198.08,2355.2
106,2018-11-16,1945,439.462,1259.52,2211.84
106,2018-11-16,1950,443.094,1126.4,2191.36
106,2018-11-16,1955,459.743,1556.48,2170.88
106,2018-11-16,2000,539.121,1351.68,2160.64
106,2018-11-16,2005,493.161,1720.32,2805.76
106,2018-11-16,2010,444.882,1751.04,2252.8
106,2018-11-16,2015,460.756,1054.72,1976.32
106,2018-11-16,2020,448.255,1382.4,1996.8
106,2018-11-16,2025,468.74,1382.4,2027.52
106,2018-11-16,2030,468.513,1751.04,2252.8
106,2018-11-16,2035,459.761,1320.96,2846.72
106,2018-11-16,2040,506.742,1556.48,1525.76
106,2018-11-16,2045,460.091,1464.32,2242.56
106,2018-11-16,2050,438.257,1761.28,2283.52
106,2018-11-16,2055,427.094,1679.36,2324.48
106,2018-11-16,2100,471.894,1597.44,2068.48
106,2018-11-16,2105,491.372,1146.88,2170.88
106,2018-11-16,2110,446.718,1617.92,2273.28
106,2018-11-16,2115,468.307,1566.72,2119.68
106,2018-11-16,2120,454.401,1443.84,2908.16
106,2018-11-16,2125,468.127,1392.64,2232.32
106,2018-11-16,2130,472.614,1587.2,2191.36
106,2018-11-16,2135,469.824,1873.92,2068.48
106,2018-11-16,2140,470.147,1945.6,2191.36
106,2018-11-16,2145,464.056,1884.16,2897.92
106,2018-11-16,2150,458.71,1423.36,2816.0
106,2018-11-16,2155,440.008,1710.08,2078.72
106,2018-11-16,2200,508.89,1894.4,2293.76
106,2018-11-16,2205,431.947,1576.96,2037.76
106,2018-11-16,2210,437.071,1484.8,2908.16
106,2018-11-16,2215,466.218,1515.52,2877.44
106,2018-11-16,2220,493.133,1781.76,2304.0
106,2018-11-16,2225,504.851,1689.6,2560.0
106,2018-11-16,2230,443.534,1986.56,2734.08
106,2018-11-16,2235,438.438,2201.6,2273.28
106,2018-11-16,2240,447.392,2222.08,2109.44
106,2018-11-16,2245,436.604,2119.68,2150.4
106,2018-11-16,2250,443.432,1781.76,1955.84
106,2018-11-16,2255,441.899,2191.36,2129.92
106,2018-11-16,2300,427.166,1792.0,2867.2
106,2018-11-16,2305,443.671,2160.64,2836.48
106,2018-11-16,2310,453.83,2232.32,2990.08
106,2018-11-16,2315,454.61,2222.08,2949.12
106,2018-11-16,2320,498.357,2232.32,2304.0
106,2018-11-16,2325,433.023,1976.32,2969.6
106,2018-11-16,2330,429.265,1986.56,2938.88
106,2018-11-16,2335,422.795,2068.48,2969.6
106,2018-11-16,2340,420.431,2140.16,2795.52
106,2018-11-16,2345,439.726,1914.88,3000.32
106,2018-11-16,2350,539.659,2088.96,2344.96
106,2018-11-16,2355,425.969,1556.48,2908.16
106,2018-11-17,0000,458.058,1925.12,2846.72
106,2018-11-17,0005,443.326,2201.6,2590.72
106,2018-11-17,0010,434.888,2037.76,2344.96
106,2018-11-17,0015,452.804,2222.08,2990.08
106,2018-11-17,0020,439.717,2078.72,2969.6
106,2018-11-17,0025,433.39,2099.2,2283.52
106,2018-11-17,0030,516.615,1423.36,0.0
106,2018-11-17,0035,421.921,1966.08,2949.12
106,2018-11-17,0040,464.031,1781.76,2826.24
106,2018-11-17,0045,442.08,1853.44,3000.32
106,2018-11-17,0050,431.589,1792.0,2949.12
106,2018-11-17,0055,411.627,1699.84,2754.56
106,2018-11-17,0100,435.072,1904.64,2754.56
106,2018-11-17,0105,431.716,2160.64,2283.52
106,2018-11-17,0110,450.226,2058.24,2887.68
106,2018-11-17,0115,458.468,2037.76,2908.16
106,2018-11-17,0120,444.347,1884.16,2938.88
106,2018-11-17,0125,424.343,1781.76,2764.8
106,2018-11-17,0130,430.493,1904.64,2846.72
106,2018-11-17,0135,441.558,1976.32,2887.68
106,2018-11-17,0140,441.182,2140.16,2908.16
106,2018-11-17,0145,439.304,1699.84,2887.68
106,2018-11-17,0150,411.153,1853.44,2969.6
106,2018-11-17,0155,418.374,1935.36,2334.72
106,2018-11-17,0200,499.966,2160.64,2949.12
106,2018-11-17,0205,429.319,2232.32,2355.2
106,2018-11-17,0210,430.438,2232.32,2365.44
106,2018-11-17,0215,431.701,2211.84,2918.4
106,2018-11-17,0220,446.523,2211.84,2979.84
106,2018-11-17,0225,428.657,2017.28,2283.52
106,2018-11-17,0230,435.095,2222.08,2375.68
106,2018-11-17,0235,454.778,1105.92,2928.64
106,2018-11-17,0240,434.767,1269.76,2887.68
106,2018-11-17,0245,431.051,1187.84,1986.56
106,2018-11-17,0250,414.798,1382.4,2703.36
106,2018-11-17,0255,427.247,1372.16,2908.16
106,2018-11-17,0300,463.399,1269.76,1914.88
106,2018-11-17,0305,449.986,1290.24,2662.4
106,2018-11-17,0310,425.263,1648.64,2201.6
106,2018-11-17,0315,427.139,1966.08,2846.72
106,2018-11-17,0320,441.779,1280.0,2232.32
106,2018-11-17,0325,420.937,1136.64,2181.12
106,2018-11-17,0330,438.275,1136.64,2703.36
106,2018-11-17,0335,408.933,1914.88,2897.92
106,2018-11-17,0340,415.4,1873.92,2969.6
106,2018-11-17,0345,427.532,2181.12,2908.16
106,2018-11-17,0350,436.414,2058.24,2908.16
106,2018-11-17,0355,436.239,2252.8,2887.68
106,2018-11-17,0400,475.223,2150.4,2304.0
106,2018-11-17,0405,432.257,2007.04,2150.4
106,2018-11-17,0410,433.851,1996.8,2713.6
106,2018-11-17,0415,441.586,2211.84,2785.28
106,2018-11-17,0420,423.494,1904.64,2908.16
106,2018-11-17,0425,430.955,1925.12,2918.4
106,2018-11-17,0430,416.541,1802.24,2713.6
106,2018-11-17,0435,420.118,1597.44,1873.92
106,2018-11-17,0440,444.697,1925.12,2181.12
106,2018-11-17,0445,483.031,1935.36,2611.2
106,2018-11-17,0450,468.443,1894.4,2621.44
106,2018-11-17,0455,428.093,2232.32,2242.56
106,2018-11-17,0500,428.303,2211.84,2314.24
106,2018-11-17,0505,432.985,2222.08,2805.76
106,2018-11-17,0510,433.442,2191.36,2795.52
106,2018-11-17,0515,454.853,1863.68,1996.8
106,2018-11-17,0520,501.824,1945.6,2682.88
106,2018-11-17,0525,416.153,1556.48,2703.36
106,2018-11-17,0530,422.235,1177.6,2836.48
106,2018-11-17,0535,417.87,2099.2,2938.88
106,2018-11-17,0540,426.931,1945.6,2795.52
106,2018-11-17,0545,427.994,1966.08,2222.08
106,2018-11-17,0550,452.533,2150.4,1761.28
106,2018-11-17,0555,450.196,2068.48,1658.88
106,2018-11-17,0600,471.495,2068.48,2406.4
106,2018-11-17,0605,456.569,1740.8,2539.52
106,2018-11-17,0610,443.96,1914.88,2785.28
106,2018-11-17,0615,434.575,1873.92,2785.28
106,2018-11-17,0620,421.049,2170.88,2897.92
106,2018-11-17,0625,444.371,1894.4,2744.32
106,2018-11-17,0630,426.179,1034.24,1904.64
106,2018-11-17,0635,425.029,1904.64,2242.56
106,2018-11-17,0640,434.955,1925.12,2201.6
106,2018-11-17,0645,465.026,1034.24,2160.64
106,2018-11-17,0650,423.917,1392.64,2805.76
106,2018-11-17,0655,441.78,1986.56,2672.64
106,2018-11-17,0700,578.43,1484.8,2119.68
106,2018-11-17,0705,437.681,1884.16,2723.84
106,2018-11-17,0710,440.183,1894.4,2877.44
106,2018-11-17,0715,430.622,1873.92,2867.2
106,2018-11-17,0720,461.595,2140.16,2222.08
106,2018-11-17,0725,451.789,2058.24,2048.0
106,2018-11-17,0730,438.222,2140.16,2785.28
106,2018-11-17,0735,454.62,1873.92,1464.32
106,2018-11-17,0740,441.429,2232.32,2242.56
106,2018-11-17,0745,447.193,1873.92,2109.44
106,2018-11-17,0750,433.365,2222.08,2252.8
106,2018-11-17,0755,427.72,2211.84,2140.16
106,2018-11-17,0800,418.324,1843.2,2795.52
106,2018-11-17,0805,445.208,2222.08,1546.24
106,2018-11-17,0810,436.855,2099.2,1515.52
106,2018-11-17,0815,431.922,1986.56,2160.64
106,2018-11-17,0820,434.746,2078.72,2242.56
106,2018-11-17,0825,423.278,1904.64,2181.12
106,2018-11-17,0830,446.433,1863.68,2191.36
106,2018-11-17,0835,426.337,1792.0,2160.64
106,2018-11-17,0840,465.071,1853.44,2672.64
106,2018-11-17,0845,438.602,1904.64,1075.2
106,2018-11-17,0850,452.183,1853.44,2160.64
106,2018-11-17,0855,446.384,1638.4,1536.0
106,2018-11-17,0900,434.007,1300.48,1925.12
106,2018-11-17,0905,434.942,1761.28,2304.0
106,2018-11-17,0910,440.173,1792.0,2088.96
106,2018-11-17,0915,432.019,2150.4,2529.28
106,2018-11-17,0920,450.208,1976.32,2201.6
106,2018-11-17,0925,433.039,1812.48,2119.68
106,2018-11-17,0930,434.643,1832.96,1710.08
106,2018-11-17,0935,421.756,1771.52,1873.92
106,2018-11-17,0940,555.079,1863.68,2078.72
106,2018-11-17,0945,446.76,1873.92,2682.88
106,2018-11-17,0950,448.478,1822.72,2734.08
106,2018-11-17,0955,421.982,1996.8,2662.4
106,2018-11-17,1000,446.591,1628.16,2355.2
106,2018-11-17,1005,428.083,2170.88,2191.36
106,2018-11-17,1010,431.649,1331.2,2160.64
106,2018-11-17,1015,524.865,2160.64,2211.84
106,2018-11-17,1020,431.72,1873.92,2959.36
106,2018-11-17,1025,453.459,1720.32,2959.36
106,2018-11-17,1030,449.934,1720.32,2048.0
106,2018-11-17,1035,426.73,1495.04,2467.84
106,2018-11-17,1040,429.448,1802.24,2498.56
106,2018-11-17,1045,438.34,1710.08,2252.8
106,2018-11-17,1050,469.619,1536.0,2928.64
106,2018-11-17,1055,450.287,1372.16,2908.16
106,2018-11-17,1100,469.856,1873.92,1382.4
106,2018-11-17,1105,427.848,1443.84,1699.84
106,2018-11-17,1110,422.318,1607.68,1536.0
106,2018-11-17,1115,430.058,1536.0,1935.36
106,2018-11-17,1120,454.775,1689.6,2867.2
106,2018-11-17,1125,461.548,1802.24,2160.64
106,2018-11-17,1130,442.124,1464.32,1935.36
106,2018-11-17,1135,445.568,1771.52,2160.64
106,2018-11-17,1140,425.956,890.88,2242.56
106,2018-11-17,1145,452.067,1617.92,1904.64
106,2018-11-17,1150,449.556,1843.2,2191.36
106,2018-11-17,1155,442.377,1853.44,983.04
106,2018-11-17,1200,436.31,901.12,2119.68
106,2018-11-17,1205,425.048,1607.68,1505.28
106,2018-11-17,1210,451.785,1904.64,2723.84
106,2018-11-17,1215,436.237,1904.64,1648.64
106,2018-11-17,1220,433.829,1689.6,1699.84
106,2018-11-17,1225,448.142,1638.4,2570.24
106,2018-11-17,1230,457.804,1802.24,2293.76
106,2018-11-17,1235,458.357,1648.64,1945.6
106,2018-11-17,1240,584.714,1751.04,2703.36
106,2018-11-17,1245,426.55,1658.88,1515.52
106,2018-11-17,1250,448.459,1546.24,2037.76
106,2018-11-17,1255,441.821,1198.08,1935.36
106,2018-11-17,1300,431.525,1710.08,1505.28
106,2018-11-17,1305,429.348,1300.48,1474.56
106,2018-11-17,1310,425.042,1556.48,1310.72
106,2018-11-17,1315,441.484,1075.2,1884.16
106,2018-11-17,1320,466.331,1198.08,1853.44
106,2018-11-17,1325,411.084,1300.48,901.12
106,2018-11-17,1330,428.859,1228.8,1187.84
106,2018-11-17,1335,458.684,1607.68,2785.28
106,2018-11-17,1340,471.512,1024.0,2007.04
106,2018-11-17,1345,459.635,901.12,2099.2
106,2018-11-17,1350,418.83,1454.08,1648.64
106,2018-11-17,1355,422.111,1556.48,1515.52
106,2018-11-17,1400,476.602,1454.08,1781.76
106,2018-11-17,1405,440.106,1638.4,2129.92
106,2018-11-17,1410,458.729,1863.68,2856.96
106,2018-11-17,1415,449.827,1955.84,2263.04
106,2018-11-17,1420,447.113,2068.48,2263.04
106,2018-11-17,1425,447.123,1720.32,2979.84
106,2018-11-17,1430,448.627,1873.92,2078.72
106,2018-11-17,1435,413.145,1792.0,2426.88
106,2018-11-17,1440,447.831,1710.08,1771.52
106,2018-11-17,1445,445.103,1822.72,1966.08
106,2018-11-17,1450,427.314,1546.24,2396.16
106,2018-11-17,1455,469.72,1607.68,2293.76
106,2018-11-17,1500,454.688,1853.44,2170.88
106,2018-11-17,1505,464.509,1740.8,1576.96
106,2018-11-17,1510,460.234,1812.48,1853.44
106,2018-11-17,1515,460.117,829.44,2580.48
106,2018-11-17,1520,457.87,1853.44,2856.96
106,2018-11-17,1525,423.038,1853.44,1976.32
106,2018-11-17,1530,447.352,1771.52,1966.08
106,2018-11-17,1535,446.425,1873.92,2242.56
106,2018-11-17,1540,461.766,1945.6,2211.84
106,2018-11-17,1545,437.673,808.96,2508.8
106,2018-11-17,1550,422.938,1269.76,1914.88
106,2018-11-17,1555,450.156,1576.96,2693.12
106,2018-11-17,1600,477.879,1628.16,2734.08
106,2018-11-17,1605,438.798,1556.48,2682.88
106,2018-11-17,1610,433.441,1556.48,2037.76
106,2018-11-17,1615,473.31,1638.4,2314.24
106,2018-11-17,1620,428.469,1474.56,1679.36
106,2018-11-17,1625,446.817,1802.24,1341.44
106,2018-11-17,1630,443.63,1679.36,2467.84
106,2018-11-17,1635,501.708,1525.76,2263.04
106,2018-11-17,1640,458.56,1566.72,2232.32
106,2018-11-17,1645,435.018,1392.64,1628.16
106,2018-11-17,1650,421.584,1198.08,1925.12
106,2018-11-17,1655,413.888,1935.36,1136.64
106,2018-11-17,1700,438.952,1454.08,1628.16
106,2018-11-17,1705,435.972,1771.52,1402.88
106,2018-11-17,1710,425.172,1566.72,1454.08
106,2018-11-17,1715,416.469,1454.08,1177.6
106,2018-11-17,1720,443.238,1351.68,2119.68
106,2018-11-17,1725,491.693,1167.36,2406.4
106,2018-11-17,1730,465.363,1689.6,2273.28
106,2018-11-17,1735,449.46,1464.32,2457.6
106,2018-11-17,1740,504.503,1822.72,2508.8
106,2018-11-17,1745,453.111,1679.36,2928.64
106,2018-11-17,1750,492.817,798.72,2437.12
106,2018-11-17,1755,479.5,1402.88,2344.96
106,2018-11-17,1800,539.611,1628.16,2273.28
106,2018-11-17,1805,441.711,1781.76,2273.28
106,2018-11-17,1810,469.472,2078.72,2488.32
106,2018-11-17,1815,466.081,2078.72,2211.84
106,2018-11-17,1820,459.19,1792.0,2232.32
106,2018-11-17,1825,438.051,1454.08,2273.28
106,2018-11-17,1830,451.59,1546.24,2232.32
106,2018-11-17,1835,433.175,1361.92,2723.84
106,2018-11-17,1840,443.916,1300.48,2744.32
106,2018-11-17,1845,431.618,2037.76,2437.12
106,2018-11-17,1850,482.928,921.6,2150.4
106,2018-11-17,1855,491.316,1587.2,2140.16
106,2018-11-17,1900,454.44,1505.28,2764.8
106,2018-11-17,1905,443.387,1966.08,2703.36
106,2018-11-17,1910,451.938,1894.4,2498.56
106,2018-11-17,1915,445.227,2222.08,2242.56
106,2018-11-17,1920,435.007,2160.64,2457.6
106,2018-11-17,1925,494.201,1607.68,2467.84
106,2018-11-17,1930,475.209,1822.72,2078.72
106,2018-11-17,1935,449.09,1740.8,2211.84
106,2018-11-17,1940,478.42,1628.16,2109.44
106,2018-11-17,1945,423.817,1464.32,2816.0
106,2018-11-17,1950,442.721,1792.0,1536.0
106,2018-11-17,1955,433.967,1679.36,2191.36
106,2018-11-17,2000,445.21,1853.44,2160.64
106,2018-11-17,2005,453.051,1894.4,2191.36
106,2018-11-17,2010,441.242,1546.24,2078.72
106,2018-11-17,2015,431.499,1802.24,2140.16
106,2018-11-17,2020,466.447,1587.2,2150.4
106,2018-11-17,2025,451.195,1720.32,2426.88
106,2018-11-17,2030,531.373,1822.72,2324.48
106,2018-11-17,2035,445.159,1945.6,2232.32
106,2018-11-17,2040,429.842,1351.68,2754.56
106,2018-11-17,2045,444.421,1546.24,2273.28
106,2018-11-17,2050,461.011,1986.56,2263.04
106,2018-11-17,2055,523.244,1996.8,2396.16
106,2018-11-17,2100,460.86,1832.96,2641.92
106,2018-11-17,2105,436.384,1853.44,2078.72
106,2018-11-17,2110,486.141,2068.48,2119.68
106,2018-11-17,2115,458.513,1566.72,2365.44
106,2018-11-17,2120,443.717,1945.6,2211.84
106,2018-11-17,2125,483.131,1966.08,2170.88
106,2018-11-17,2130,470.074,1853.44,2344.96
106,2018-11-17,2135,474.626,1597.44,2344.96
106,2018-11-17,2140,437.746,1628.16,2232.32
106,2018-11-17,2145,465.666,1556.48,2232.32
106,2018-11-17,2150,448.312,1628.16,1853.44
106,2018-11-17,2155,460.472,1751.04,2324.48
106,2018-11-17,2200,565.034,1638.4,2283.52
106,2018-11-17,2205,470.001,1628.16,1792.0
106,2018-11-17,2210,459.738,1566.72,2140.16
106,2018-11-17,2215,441.716,1689.6,2959.36
106,2018-11-17,2220,431.008,1945.6,2283.52
106,2018-11-17,2225,471.285,1443.84,2355.2
106,2018-11-17,2230,432.096,1505.28,2897.92
106,2018-11-17,2235,487.069,1413.12,2969.6
106,2018-11-17,2240,490.314,1331.2,2744.32
106,2018-11-17,2245,454.68,1443.84,2211.84
106,2018-11-17,2250,451.521,1392.64,2263.04
106,2018-11-17,2255,451.878,1832.96,2283.52
106,2018-11-17,2300,475.729,1628.16,2232.32
106,2018-11-17,2305,464.063,1679.36,2160.64
106,2018-11-17,2310,452.721,1853.44,2191.36
106,2018-11-17,2315,444.844,1935.36,2211.84
106,2018-11-17,2320,428.855,1320.96,2775.04
106,2018-11-17,2325,450.088,1413.12,2170.88
106,2018-11-17,2330,446.702,952.32,1413.12
106,2018-11-17,2335,454.829,1515.52,1495.04
106,2018-11-17,2340,424.282,1689.6,2775.04
106,2018-11-17,2345,468.64,1771.52,2334.72
106,2018-11-17,2350,441.752,1208.32,2263.04
106,2018-11-17,2355,444.702,1761.28,2908.16
106,2018-11-18,0000,476.757,1597.44,2273.28
106,2018-11-18,0005,418.145,1607.68,2877.44
106,2018-11-18,0010,411.097,1710.08,2662.4
106,2018-11-18,0015,426.079,1945.6,2703.36
106,2018-11-18,0020,432.564,1914.88,2017.28
106,2018-11-18,0025,467.089,1792.0,2242.56
106,2018-11-18,0030,461.478,1720.32,2365.44
106,2018-11-18,0035,431.767,1730.56,2263.04
106,2018-11-18,0040,451.502,1863.68,2160.64
106,2018-11-18,0045,444.144,1935.36,2252.8
106,2018-11-18,0050,449.331,1986.56,2314.24
106,2018-11-18,0055,473.753,1976.32,2396.16
106,2018-11-18,0100,436.771,1863.68,2211.84
106,2018-11-18,0105,427.077,1935.36,2232.32
106,2018-11-18,0110,435.121,2068.48,2252.8
106,2018-11-18,0115,432.567,2160.64,2242.56
106,2018-11-18,0120,440.358,1873.92,2099.2
106,2018-11-18,0125,435.152,1863.68,2263.04
106,2018-11-18,0130,,,
106,2018-11-18,0135,515.091,1802.24,2324.48
106,2018-11-18,0140,464.712,2068.48,2304.0
106,2018-11-18,0145,413.225,1802.24,2959.36
106,2018-11-18,0150,421.733,1812.48,2938.88
106,2018-11-18,0155,433.438,2181.12,2314.24
106,2018-11-18,0200,430.101,2160.64,2252.8
106,2018-11-18,0205,499.909,1966.08,2314.24
106,2018-11-18,0210,455.02,2211.84,2201.6
106,2018-11-18,0215,426.609,1105.92,2232.32
106,2018-11-18,0220,477.854,1669.12,1177.6
106,2018-11-18,0225,443.437,2170.88,2324.48
106,2018-11-18,0230,433.802,1976.32,2252.8
106,2018-11-18,0235,448.131,1863.68,2129.92
106,2018-11-18,0240,501.056,2068.48,2283.52
106,2018-11-18,0245,436.681,2232.32,2293.76
106,2018-11-18,0250,413.083,1792.0,2785.28
106,2018-11-18,0255,429.096,1935.36,2263.04
106,2018-11-18,0300,426.714,1873.92,2263.04
106,2018-11-18,0305,431.724,2170.88,2273.28
106,2018-11-18,0310,442.988,2222.08,2304.0
106,2018-11-18,0315,438.797,2211.84,2334.72
106,2018-11-18,0320,435.83,1955.84,2088.96
106,2018-11-18,0325,456.848,2232.32,1966.08
106,2018-11-18,0330,438.373,1792.0,2631.68
106,2018-11-18,0335,432.005,2129.92,2590.72
106,2018-11-18,0340,438.587,2211.84,1628.16
106,2018-11-18,0345,430.508,1966.08,2283.52
106,2018-11-18,0350,440.121,1894.4,2252.8
106,2018-11-18,0355,418.705,2222.08,2283.52
106,2018-11-18,0400,455.131,2037.76,2150.4
106,2018-11-18,0405,440.341,1863.68,2263.04
106,2018-11-18,0410,440.256,2181.12,2908.16
106,2018-11-18,0415,442.828,2222.08,2355.2
106,2018-11-18,0420,551.616,2201.6,1986.56
106,2018-11-18,0425,431.698,2222.08,1955.84
106,2018-11-18,0430,436.735,1894.4,2232.32
106,2018-11-18,0435,430.812,1894.4,3010.56
106,2018-11-18,0440,438.51,1822.72,2959.36
106,2018-11-18,0445,420.085,1955.84,2631.68
106,2018-11-18,0450,414.659,2150.4,2959.36
106,2018-11-18,0455,432.298,2181.12,1904.64
106,2018-11-18,0500,468.094,2150.4,2027.52
106,2018-11-18,0505,436.227,2222.08,1894.4
106,2018-11-18,0510,430.358,1832.96,2764.8
106,2018-11-18,0515,426.729,1966.08,2959.36
106,2018-11-18,0520,429.169,1802.24,2600.96
106,2018-11-18,0525,430.614,2201.6,2938.88
106,2018-11-18,0530,435.17,2140.16,2201.6
106,2018-11-18,0535,456.59,1884.16,2293.76
106,2018-11-18,0540,430.142,1966.08,2293.76
106,2018-11-18,0545,456.39,1802.24,2191.36
106,2018-11-18,0550,424.017,1863.68,2887.68
106,2018-11-18,0555,435.064,1945.6,2785.28
106,2018-11-18,0600,437.821,1925.12,2150.4
106,2018-11-18,0605,494.945,1894.4,2672.64
106,2018-11-18,0610,446.86,2160.64,2938.88
106,2018-11-18,0615,474.525,1925.12,2938.88
106,2018-11-18,0620,451.683,1955.84,2160.64
106,2018-11-18,0625,458.109,1935.36,2519.04
106,2018-11-18,0630,471.477,1976.32,2580.48
106,2018-11-18,0635,468.133,1751.04,2600.96
106,2018-11-18,0640,473.593,1945.6,2590.72
106,2018-11-18,0645,428.368,2099.2,2324.48
106,2018-11-18,0650,441.386,1617.92,2437.12
106,2018-11-18,0655,456.191,92.16,378.88
106,2018-11-18,0700,,,
106,2018-11-18,0705,448.62,2088.96,2150.4
106,2018-11-18,0710,515.238,1863.68,2539.52
106,2018-11-18,0715,425.257,1802.24,2191.36
106,2018-11-18,0720,460.494,1986.56,2099.2
106,2018-11-18,0725,443.176,1781.76,2242.56
106,2018-11-18,0730,445.126,1781.76,2539.52
106,2018-11-18,0735,496.404,1454.08,2447.36
106,2018-11-18,0740,435.309,1894.4,2119.68
106,2018-11-18,0745,453.392,2088.96,2519.04
106,2018-11-18,0750,435.315,1710.08,1986.56
106,2018-11-18,0755,466.136,1914.88,1228.8
106,2018-11-18,0800,446.774,1710.08,2529.28
106,2018-11-18,0805,474.91,1996.8,2242.56
106,2018-11-18,0810,449.809,1669.12,2232.32
106,2018-11-18,0815,456.662,1566.72,1996.8
106,2018-11-18,0820,507.937,1597.44,2344.96
106,2018-11-18,0825,471.653,1771.52,2150.4
106,2018-11-18,0830,452.236,1628.16,1955.84
106,2018-11-18,0835,428.05,1945.6,2170.88
106,2018-11-18,0840,438.294,1699.84,2211.84
106,2018-11-18,0845,508.917,1812.48,2293.76
106,2018-11-18,0850,458.61,1843.2,2181.12
106,2018-11-18,0855,447.594,1536.0,2519.04
106,2018-11-18,0900,459.893,1945.6,2232.32
106,2018-11-18,0905,456.609,1935.36,1290.24
106,2018-11-18,0910,451.301,1710.08,962.56
106,2018-11-18,0915,491.201,1566.72,1894.4
106,2018-11-18,0920,430.14,1873.92,2191.36
106,2018-11-18,0925,442.225,1904.64,1054.72
106,2018-11-18,0930,451.589,1781.76,1413.12
106,2018-11-18,0935,437.315,1771.52,2334.72
106,2018-11-18,0940,624.029,1740.8,1392.64
106,2018-11-18,0945,466.507,1771.52,1792.0
106,2018-11-18,0950,450.087,1464.32,1976.32
106,2018-11-18,0955,431.895,1515.52,2170.88
106,2018-11-18,1000,529.627,1249.28,2119.68
106,2018-11-18,1005,445.393,1095.68,1034.24
106,2018-11-18,1010,451.787,1576.96,2273.28
106,2018-11-18,1015,444.031,1802.24,2170.88
106,2018-11-18,1020,483.516,1495.04,2211.84
106,2018-11-18,1025,432.859,1894.4,2232.32
106,2018-11-18,1030,471.358,1300.48,2283.52
106,2018-11-18,1035,501.108,2211.84,2324.48
106,2018-11-18,1040,469.934,1679.36,2211.84
106,2018-11-18,1045,453.088,1495.04,3051.52
106,2018-11-18,1050,433.087,1751.04,1884.16
106,2018-11-18,1055,493.283,1781.76,2027.52
106,2018-11-18,1100,453.215,1802.24,2283.52
106,2018-11-18,1105,427.502,2007.04,2222.08
106,2018-11-18,1110,433.269,1730.56,2201.6
106,2018-11-18,1115,440.203,1699.84,2068.48
106,2018-11-18,1120,473.425,1454.08,1126.4
106,2018-11-18,1125,436.77,696.32,2201.6
106,2018-11-18,1130,886.638,1146.88,1986.56
106,2018-11-18,1135,426.59,1413.12,2764.8
106,2018-11-18,1140,450.043,1290.24,2324.48
106,2018-11-18,1145,445.487,1372.16,2846.72
106,2018-11-18,1150,440.587,1515.52,2222.08
106,2018-11-18,1155,426.475,1423.36,2252.8
106,2018-11-18,1200,580.78,1003.52,1402.88
106,2018-11-18,1205,469.875,1699.84,1454.08
106,2018-11-18,1210,451.053,1740.8,1648.64
106,2018-11-18,1215,478.78,952.32,2406.4
106,2018-11-18,1220,453.404,1607.68,757.76
106,2018-11-18,1225,463.216,1546.24,2017.28
106,2018-11-18,1230,459.992,1740.8,2119.68
106,2018-11-18,1235,453.182,1628.16,1638.4
106,2018-11-18,1240,427.241,1935.36,2232.32
106,2018-11-18,1245,491.597,1638.4,2191.36
106,2018-11-18,1250,445.072,2129.92,2242.56
106,2018-11-18,1255,469.541,1802.24,2129.92
106,2018-11-18,1300,545.477,1792.0,1761.28
106,2018-11-18,1305,477.733,1771.52,993.28
106,2018-11-18,1310,451.34,1925.12,2119.68
106,2018-11-18,1315,435.373,1361.92,1454.08
106,2018-11-18,1320,465.268,1392.64,1249.28
106,2018-11-18,1325,458.247,1525.76,2109.44
106,2018-11-18,1330,533.601,1669.12,2088.96
106,2018-11-18,1335,459.809,1597.44,1976.32
106,2018-11-18,1340,489.957,1699.84,1187.84
106,2018-11-18,1345,472.802,1802.24,1034.24
106,2018-11-18,1350,428.346,1484.8,1249.28
106,2018-11-18,1355,425.553,1945.6,1433.6
106,2018-11-18,1400,449.721,1505.28,747.52
106,2018-11-18,1405,490.13,1955.84,2129.92
106,2018-11-18,1410,414.213,1249.28,1976.32
106,2018-11-18,1415,419.652,1546.24,1157.12
106,2018-11-18,1420,458.121,1822.72,1751.04
106,2018-11-18,1425,428.551,1751.04,2017.28
106,2018-11-18,1430,492.137,1443.84,1413.12
106,2018-11-18,1435,439.665,1443.84,2201.6
106,2018-11-18,1440,448.233,1484.8,1914.88
106,2018-11-18,1445,458.483,1484.8,2058.24
106,2018-11-18,1450,456.353,1290.24,2222.08
106,2018-11-18,1455,455.626,1556.48,2140.16
106,2018-11-18,1500,446.028,1617.92,2088.96
106,2018-11-18,1505,461.694,1873.92,1914.88
106,2018-11-18,1510,498.113,1034.24,1443.84
106,2018-11-18,1515,435.893,1372.16,1751.04
106,2018-11-18,1520,449.691,1372.16,2252.8
106,2018-11-18,1525,451.958,1781.76,2119.68
106,2018-11-18,1530,471.504,1382.4,952.32
106,2018-11-18,1535,452.657,1771.52,2908.16
106,2018-11-18,1540,451.235,1802.24,839.68
106,2018-11-18,1545,476.817,1024.0,1648.64
106,2018-11-18,1550,458.092,1669.12,1433.6
106,2018-11-18,1555,445.151,1116.16,2088.96
106,2018-11-18,1600,484.779,1484.8,1751.04
106,2018-11-18,1605,427.278,1597.44,2846.72
106,2018-11-18,1610,459.483,1054.72,2129.92
106,2018-11-18,1615,539.95,675.84,2078.72
106,2018-11-18,1620,437.303,757.76,2447.36
106,2018-11-18,1625,450.204,1269.76,1505.28
106,2018-11-18,1630,463.106,952.32,1955.84
106,2018-11-18,1635,449.76,1198.08,2027.52
106,2018-11-18,1640,455.201,952.32,2621.44
106,2018-11-18,1645,418.635,1525.76,1597.44
106,2018-11-18,1650,424.516,1699.84,1505.28
106,2018-11-18,1655,416.157,1617.92,1689.6
106,2018-11-18,1700,445.157,1792.0,2181.12
106,2018-11-18,1705,470.139,1607.68,2211.84
106,2018-11-18,1710,468.015,2140.16,1955.84
106,2018-11-18,1715,486.911,1566.72,2150.4
106,2018-11-18,1720,466.031,1802.24,2211.84
106,2018-11-18,1725,463.209,1034.24,2109.44
106,2018-11-18,1730,475.815,1454.08,1904.64
106,2018-11-18,1735,444.853,1648.64,2068.48
106,2018-11-18,1740,486.825,1699.84,2201.6
106,2018-11-18,1745,464.965,1720.32,2007.04
106,2018-11-18,1750,486.446,1966.08,1105.92
106,2018-11-18,1755,441.155,1658.88,2140.16
106,2018-11-18,1800,456.877,1638.4,1966.08
106,2018-11-18,1805,432.904,880.64,1320.96
106,2018-11-18,1810,537.962,1781.76,2242.56
106,2018-11-18,1815,463.289,1914.88,1320.96
106,2018-11-18,1820,450.678,1781.76,2211.84
106,2018-11-18,1825,452.867,1781.76,2088.96
106,2018-11-18,1830,431.792,1873.92,2856.96
106,2018-11-18,1835,465.83,1904.64,2887.68
106,2018-11-18,1840,496.894,1986.56,2263.04
106,2018-11-18,1845,462.328,1863.68,2232.32
106,2018-11-18,1850,465.533,1925.12,2836.48
106,2018-11-18,1855,441.461,1761.28,2631.68
106,2018-11-18,1900,417.62,1495.04,1802.24
106,2018-11-18,1905,477.109,1648.64,1832.96
106,2018-11-18,1910,438.8,1720.32,1269.76
106,2018-11-18,1915,428.409,1464.32,2037.76
106,2018-11-18,1920,436.532,1566.72,2037.76
106,2018-11-18,1925,444.702,1710.08,1914.88
106,2018-11-18,1930,429.718,1638.4,2119.68
106,2018-11-18,1935,429.801,1361.92,2027.52
106,2018-11-18,1940,446.728,1576.96,1382.4
106,2018-11-18,1945,431.798,1546.24,1495.04
106,2018-11-18,1950,439.603,1280.0,1218.56
106,2018-11-18,1955,423.618,1638.4,1945.6
106,2018-11-18,2000,428.328,1792.0,1822.72
106,2018-11-18,2005,458.079,1730.56,1853.44
106,2018-11-18,2010,444.68,1228.8,1300.48
106,2018-11-18,2015,422.756,1525.76,1863.68
106,2018-11-18,2020,433.287,952.32,1863.68
106,2018-11-18,2025,431.531,1310.72,1484.8
106,2018-11-18,2030,426.401,1515.52,1423.36
106,2018-11-18,2035,457.406,1556.48,1382.4
106,2018-11-18,2040,448.548,1024.0,880.64
106,2018-11-18,2045,437.476,1873.92,1904.64
106,2018-11-18,2050,440.231,1382.4,1300.48
106,2018-11-18,2055,417.817,1454.08,1280.0
106,2018-11-18,2100,445.459,1443.84,1116.16
106,2018-11-18,2105,567.773,1392.64,1003.52
106,2018-11-18,2110,442.986,952.32,1495.04
106,2018-11-18,2115,440.379,1372.16,1832.96
106,2018-11-18,2120,452.18,1310.72,1873.92
106,2018-11-18,2125,433.781,1351.68,1454.08
106,2018-11-18,2130,422.965,1699.84,1341.44
106,2018-11-18,2135,421.301,1617.92,1402.88
106,2018-11-18,2140,509.852,1935.36,1198.08
106,2018-11-18,2145,433.512,1556.48,839.68
106,2018-11-18,2150,418.948,2007.04,1474.56
106,2018-11-18,2155,439.894,1843.2,1853.44
106,2018-11-18,2200,423.269,1904.64,1884.16
106,2018-11-18,2205,438.595,1546.24,2078.72
106,2018-11-18,2210,467.265,1689.6,1996.8
106,2018-11-18,2215,449.72,1566.72,2498.56
106,2018-11-18,2220,450.749,1863.68,2723.84
106,2018-11-18,2225,451.571,1843.2,2928.64
106,2018-11-18,2230,461.48,1873.92,2897.92
106,2018-11-18,2235,432.129,1822.72,2703.36
106,2018-11-18,2240,432.952,1699.84,2662.4
106,2018-11-18,2245,444.945,1740.8,2856.96
106,2018-11-18,2250,441.407,1771.52,2918.4
106,2018-11-18,2255,431.796,1372.16,2969.6
106,2018-11-18,2300,446.065,2129.92,2775.04
106,2018-11-18,2305,441.064,1894.4,2355.2
106,2018-11-18,2310,441.357,1853.44,2539.52
106,2018-11-18,2315,579.763,1525.76,2949.12
106,2018-11-18,2320,463.061,1290.24,1464.32
106,2018-11-18,2325,431.885,1372.16,1433.6
106,2018-11-18,2330,432.795,1802.24,2764.8
106,2018-11-18,2335,422.03,1720.32,2918.4
106,2018-11-18,2340,466.648,1832.96,2662.4
106,2018-11-18,2345,452.035,1392.64,2928.64
106,2018-11-18,2350,439.282,1894.4,2478.08
106,2018-11-18,2355,438.131,1966.08,2764.8
106,2018-11-19,0000,433.465,1894.4,2744.32
106,2018-11-19,0005,431.403,1699.84,2590.72
106,2018-11-19,0010,461.427,1628.16,2949.12
106,2018-11-19,0015,428.407,1802.24,2744.32
106,2018-11-19,0020,568.362,1495.04,2928.64
106,2018-11-19,0025,443.245,1689.6,2836.48
106,2018-11-19,0030,463.276,1669.12,2867.2
106,2018-11-19,0035,444.969,1525.76,2867.2
106,2018-11-19,0040,446.588,1771.52,2754.56
106,2018-11-19,0045,466.442,1884.16,2631.68
106,2018-11-19,0050,437.531,1812.48,2887.68
106,2018-11-19,0055,455.488,1812.48,2979.84
106,2018-11-19,0100,436.514,1863.68,2600.96
106,2018-11-19,0105,428.139,2027.52,2682.88
106,2018-11-19,0110,445.021,1832.96,2529.28
106,2018-11-19,0115,466.191,1761.28,2324.48
106,2018-11-19,0120,459.791,1658.88,2273.28
106,2018-11-19,0125,451.714,1986.56,2385.92
106,2018-11-19,0130,428.32,1228.8,2355.2
106,2018-11-19,0135,441.876,2211.84,2990.08
106,2018-11-19,0140,427.067,2170.88,2304.0
106,2018-11-19,0145,428.457,2211.84,2191.36
106,2018-11-19,0150,436.667,2170.88,2416.64
106,2018-11-19,0155,422.329,1986.56,2877.44
106,2018-11-19,0200,416.098,1863.68,2908.16
106,2018-11-19,0205,560.142,2150.4,2457.6
106,2018-11-19,0210,439.835,1812.48,2385.92
106,2018-11-19,0215,425.992,1955.84,2846.72
106,2018-11-19,0220,423.438,2007.04,2355.2
106,2018-11-19,0225,438.752,2119.68,2396.16
106,2018-11-19,0230,423.422,2201.6,2355.2
106,2018-11-19,0235,429.781,2222.08,2304.0
106,2018-11-19,0240,423.348,1976.32,2887.68
106,2018-11-19,0245,406.477,2191.36,3010.56
106,2018-11-19,0250,426.537,1802.24,2590.72
106,2018-11-19,0255,434.666,1945.6,2488.32
106,2018-11-19,0300,418.401,1914.88,2416.64
106,2018-11-19,0305,442.879,1894.4,2365.44
106,2018-11-19,0310,439.746,1894.4,2990.08
106,2018-11-19,0315,437.163,2017.28,2406.4
106,2018-11-19,0320,433.585,2068.48,2437.12
106,2018-11-19,0325,428.42,1699.84,2959.36
106,2018-11-19,0330,422.855,1740.8,1822.72
106,2018-11-19,0335,428.095,1914.88,2406.4
106,2018-11-19,0340,454.771,1894.4,2938.88
106,2018-11-19,0345,440.641,1751.04,2785.28
106,2018-11-19,0350,460.302,1607.68,2693.12
106,2018-11-19,0355,437.493,1556.48,2621.44
106,2018-11-19,0400,426.989,1679.36,2611.2
106,2018-11-19,0405,446.478,1710.08,3000.32
106,2018-11-19,0410,429.849,1832.96,2406.4
106,2018-11-19,0415,421.908,1863.68,2406.4
106,2018-11-19,0420,426.449,2211.84,2263.04
106,2018-11-19,0425,417.333,2211.84,2406.4
106,2018-11-19,0430,416.828,1822.72,2703.36
106,2018-11-19,0435,425.724,2140.16,2764.8
106,2018-11-19,0440,410.695,2119.68,2795.52
106,2018-11-19,0445,438.83,1853.44,2641.92
106,2018-11-19,0450,435.058,1925.12,2928.64
106,2018-11-19,0455,472.786,1955.84,2406.4
106,2018-11-19,0500,443.732,1556.48,2703.36
106,2018-11-19,0505,443.481,2222.08,2406.4
106,2018-11-19,0510,448.505,2068.48,2416.64
106,2018-11-19,0515,427.056,1894.4,2222.08
106,2018-11-19,0520,424.754,1935.36,2385.92
106,2018-11-19,0525,451.381,2232.32,2959.36
106,2018-11-19,0530,458.109,1884.16,2406.4
106,2018-11-19,0535,,,
106,2018-11-19,0540,435.423,1832.96,1177.6
106,2018-11-19,0545,426.746,1976.32,2048.0
106,2018-11-19,0550,428.886,1710.08,1413.12
106,2018-11-19,0555,428.668,1658.88,2406.4
106,2018-11-19,0600,428.389,1986.56,2396.16
106,2018-11-19,0605,443.107,1894.4,2867.2
106,2018-11-19,0610,517.573,1853.44,2754.56
106,2018-11-19,0615,414.724,1157.12,2611.2
106,2018-11-19,0620,439.313,2078.72,2938.88
106,2018-11-19,0625,446.555,2109.44,2990.08
106,2018-11-19,0630,430.389,2181.12,2304.0
106,2018-11-19,0635,438.436,2078.72,2990.08
106,2018-11-19,0640,426.677,2252.8,2990.08
106,2018-11-19,0645,433.002,2160.64,2437.12
106,2018-11-19,0650,429.936,2068.48,2990.08
106,2018-11-19,0655,436.43,1720.32,2467.84
106,2018-11-19,0700,466.717,1792.0,2734.08
106,2018-11-19,0705,447.203,1822.72,2764.8
106,2018-11-19,0710,430.095,1495.04,2703.36
106,2018-11-19,0715,425.608,1607.68,2447.36
106,2018-11-19,0720,420.497,1822.72,2191.36
106,2018-11-19,0725,433.443,1935.36,1966.08
106,2018-11-19,0730,446.038,1914.88,2201.6
106,2018-11-19,0735,428.482,1863.68,2068.48
106,2018-11-19,0740,582.857,1617.92,2600.96
106,2018-11-19,0745,426.3,1914.88,2181.12
106,2018-11-19,0750,432.883,1873.92,2129.92
106,2018-11-19,0755,429.728,1761.28,2170.88
106,2018-11-19,0800,417.706,1730.56,2600.96
106,2018-11-19,0805,438.081,1617.92,2385.92
106,2018-11-19,0810,431.491,1474.56,2129.92
106,2018-11-19,0815,433.44,1638.4,2170.88
106,2018-11-19,0820,463.373,1433.6,2682.88
106,2018-11-19,0825,431.255,1597.44,2662.4
106,2018-11-19,0830,430.336,1699.84,2529.28
106,2018-11-19,0835,452.58,1597.44,2324.48
106,2018-11-19,0840,467.612,798.72,2242.56
106,2018-11-19,0845,453.815,1413.12,1259.52
106,2018-11-19,0850,459.754,1310.72,2764.8
106,2018-11-19,0855,446.733,1187.84,2222.08
106,2018-11-19,0900,500.22,1034.24,2560.0
106,2018-11-19,0905,431.602,1034.24,2529.28
106,2018-11-19,0910,907.733,471.04,2385.92
106,2018-11-19,0915,930.337,1198.08,1320.96
106,2018-11-19,0920,938.985,1372.16,2775.04
106,2018-11-19,0925,430.836,1167.36,2222.08
106,2018-11-19,0930,948.345,1290.24,2928.64
106,2018-11-19,0935,813.26,1249.28,2990.08
106,2018-11-19,0940,963.045,1413.12,2938.88
106,2018-11-19,0945,435.964,645.12,2549.76
106,2018-11-19,0950,461.511,634.88,2406.4
106,2018-11-19,0955,536.619,460.8,2488.32
106,2018-11-19,1000,468.601,849.92,1423.36
106,2018-11-19,1005,484.907,204.8,2529.28
106,2018-11-19,1010,512.984,296.96,2017.28
106,2018-11-19,1015,463.381,542.72,2191.36
106,2018-11-19,1020,489.566,624.64,2529.28
106,2018-11-19,1025,543.947,563.2,2734.08
106,2018-11-19,1030,447.594,624.64,2375.68
106,2018-11-19,1035,477.525,389.12,2600.96
106,2018-11-19,1040,512.374,276.48,1095.68
106,2018-11-19,1045,485.381,460.8,2764.8
106,2018-11-19,1050,499.865,358.4,1413.12
106,2018-11-19,1055,488.756,491.52,1443.84
106,2018-11-19,1100,618.282,215.04,2027.52
106,2018-11-19,1105,479.462,460.8,1884.16
106,2018-11-19,1110,583.161,235.52,1853.44
106,2018-11-19,1115,532.114,399.36,1566.72
106,2018-11-19,1120,500.613,542.72,2263.04
106,2018-11-19,1125,515.218,378.88,2795.52
106,2018-11-19,1130,559.92,419.84,624.64
106,2018-11-19,1135,460.698,471.04,2201.6
106,2018-11-19,1140,445.979,471.04,2150.4
106,2018-11-19,1145,454.701,696.32,1269.76
106,2018-11-19,1150,464.525,747.52,2600.96
106,2018-11-19,1155,472.946,348.16,2160.64
106,2018-11-19,1200,452.413,368.64,2314.24
106,2018-11-19,1205,429.965,696.32,2201.6
106,2018-11-19,1210,430.826,788.48,2263.04
106,2018-11-19,1215,464.65,552.96,2846.72
106,2018-11-19,1220,500.058,450.56,2263.04
106,2018-11-19,1225,491.991,512.0,2150.4
106,2018-11-19,1230,623.527,286.72,2027.52
106,2018-11-19,1235,747.744,225.28,2160.64
106,2018-11-19,1240,577.554,327.68,2406.4
106,2018-11-19,1245,518.287,256.0,2672.64
106,2018-11-19,1250,493.295,419.84,2037.76
106,2018-11-19,1255,378.995,389.12,2478.08
106,2018-11-19,1300,461.753,624.64,2048.0
106,2018-11-19,1305,510.178,471.04,2570.24
106,2018-11-19,1310,477.708,491.52,2365.44
106,2018-11-19,1315,415.918,880.64,2385.92
106,2018-11-19,1320,503.62,542.72,2181.12
106,2018-11-19,1325,475.968,378.88,2662.4
106,2018-11-19,1330,477.541,471.04,2529.28
106,2018-11-19,1335,466.613,675.84,2426.88
106,2018-11-19,1340,478.208,522.24,2406.4
106,2018-11-19,1345,477.585,471.04,2467.84
106,2018-11-19,1350,476.015,471.04,2150.4
106,2018-11-19,1355,468.923,522.24,2498.56
106,2018-11-19,1400,469.931,706.56,2140.16
106,2018-11-19,1405,497.216,665.6,2129.92
106,2018-11-19,1410,467.187,460.8,2007.04
106,2018-11-19,1415,471.608,604.16,1720.32
106,2018-11-19,1420,459.354,552.96,1935.36
106,2018-11-19,1425,463.576,522.24,2242.56
106,2018-11-19,1430,472.187,706.56,1843.2
106,2018-11-19,1435,448.955,686.08,2170.88
106,2018-11-19,1440,437.053,819.2,2181.12
106,2018-11-19,1445,444.039,532.48,2764.8
106,2018-11-19,1450,474.249,593.92,2734.08
106,2018-11-19,1455,474.313,460.8,2570.24
106,2018-11-19,1500,470.335,655.36,1587.2
106,2018-11-19,1505,469.93,399.36,2324.48
106,2018-11-19,1510,515.694,368.64,1689.6
106,2018-11-19,1515,461.946,471.04,2693.12
106,2018-11-19,1520,500.531,686.08,2355.2
106,2018-11-19,1525,459.274,1443.84,1925.12
106,2018-11-19,1530,446.51,1351.68,1587.2
106,2018-11-19,1535,443.116,1495.04,2703.36
106,2018-11-19,1540,476.568,1617.92,1966.08
106,2018-11-19,1545,477.615,1259.52,1873.92
106,2018-11-19,1550,491.723,1126.4,1904.64
106,2018-11-19,1555,460.684,1259.52,2181.12
106,2018-11-19,1600,502.522,1136.64,1832.96
106,2018-11-19,1605,452.809,1280.0,2160.64
106,2018-11-19,1610,489.773,1269.76,1966.08
106,2018-11-19,1615,477.457,1054.72,1607.68
106,2018-11-19,1620,486.227,1228.8,2887.68
106,2018-11-19,1625,473.131,1259.52,2580.48
106,2018-11-19,1630,442.648,1187.84,2437.12
106,2018-11-19,1635,473.196,1239.04,2498.56
106,2018-11-19,1640,440.548,1587.2,2344.96
106,2018-11-19,1645,430.921,768.0,2447.36
106,2018-11-19,1650,463.013,1269.76,2560.0
106,2018-11-19,1655,437.819,1300.48,2385.92
106,2018-11-19,1700,464.941,1075.2,2826.24
106,2018-11-19,1705,530.978,1198.08,1771.52
106,2018-11-19,1710,491.646,1064.96,2877.44
106,2018-11-19,1715,430.809,1259.52,1884.16
106,2018-11-19,1720,448.245,1269.76,2928.64
106,2018-11-19,1725,439.193,1187.84,2897.92
106,2018-11-19,1730,428.661,1198.08,2365.44
106,2018-11-19,1735,449.688,1648.64,2437.12
106,2018-11-19,1740,447.553,931.84,1689.6
106,2018-11-19,1745,548.333,368.64,2580.48
106,2018-11-19,1750,452.744,788.48,1679.36
106,2018-11-19,1755,444.717,849.92,1228.8
106,2018-11-19,1800,477.148,1116.16,2078.72
106,2018-11-19,1805,445.263,880.64,901.12
106,2018-11-19,1810,434.202,880.64,2897.92
106,2018-11-19,1815,455.376,829.44,2037.76
106,2018-11-19,1820,483.178,880.64,1525.76
106,2018-11-19,1825,475.22,1054.72,2877.44
106,2018-11-19,1830,476.206,993.28,1720.32
106,2018-11-19,1835,466.311,460.8,2365.44
106,2018-11-19,1840,485.994,460.8,2887.68
106,2018-11-19,1845,930.185,194.56,2826.24
106,2018-11-19,1850,864.807,143.36,2283.52
106,2018-11-19,1855,528.432,378.88,2252.8
106,2018-11-19,1900,462.703,727.04,2365.44
106,2018-11-19,1905,462.999,1259.52,1280.0
106,2018-11-19,1910,470.217,1208.32,2775.04
106,2018-11-19,1915,509.267,1044.48,2334.72
106,2018-11-19,1920,436.399,1198.08,2836.48
106,2018-11-19,1925,456.84,1218.56,2887.68
106,2018-11-19,1930,469.265,1044.48,2856.96
106,2018-11-19,1935,455.92,778.24,2273.28
106,2018-11-19,1940,465.542,880.64,2877.44
106,2018-11-19,1945,496.89,778.24,2426.88
106,2018-11-19,1950,512.514,1075.2,2344.96
106,2018-11-19,1955,447.877,1177.6,2754.56
106,2018-11-19,2000,463.158,860.16,2836.48
106,2018-11-19,2005,457.23,880.64,2877.44
106,2018-11-19,2010,477.297,655.36,2334.72
106,2018-11-19,2015,488.397,1044.48,2058.24
106,2018-11-19,2020,450.807,645.12,2682.88
106,2018-11-19,2025,522.195,983.04,2723.84
106,2018-11-19,2030,527.085,378.88,2467.84
106,2018-11-19,2035,493.745,368.64,2140.16
106,2018-11-19,2040,485.757,839.68,1484.8
106,2018-11-19,2045,483.925,358.4,2007.04
106,2018-11-19,2050,577.666,409.6,1966.08
106,2018-11-19,2055,506.494,419.84,2416.64
106,2018-11-19,2100,501.419,460.8,2887.68
106,2018-11-19,2105,552.891,307.2,2775.04
106,2018-11-19,2110,467.163,491.52,2672.64
106,2018-11-19,2115,459.771,471.04,2918.4
106,2018-11-19,2120,516.695,573.44,2222.08
106,2018-11-19,2125,617.458,593.92,2928.64
106,2018-11-19,2130,478.2,307.2,2600.96
106,2018-11-19,2135,525.498,307.2,2529.28
106,2018-11-19,2140,637.007,245.76,2293.76
106,2018-11-19,2145,555.72,358.4,2846.72
106,2018-11-19,2150,522.68,501.76,2467.84
106,2018-11-19,2155,474.816,460.8,2385.92
106,2018-11-19,2200,462.44,870.4,2682.88
106,2018-11-19,2205,493.254,727.04,2324.48
106,2018-11-19,2210,468.17,471.04,2560.0
106,2018-11-19,2215,543.004,378.88,2365.44
106,2018-11-19,2220,461.71,1157.12,2826.24
106,2018-11-19,2225,491.099,522.24,2324.48
106,2018-11-19,2230,605.152,143.36,2027.52
106,2018-11-19,2235,733.98,266.24,1996.8
106,2018-11-19,2240,594.807,307.2,2201.6
106,2018-11-19,2245,469.956,491.52,2304.0
106,2018-11-19,2250,472.963,788.48,2140.16
106,2018-11-19,2255,459.205,593.92,2334.72
106,2018-11-19,2300,477.213,849.92,2314.24
106,2018-11-19,2305,446.309,696.32,2324.48
106,2018-11-19,2310,491.598,368.64,2406.4
106,2018-11-19,2315,464.424,552.96,2334.72
106,2018-11-19,2320,451.397,440.32,2478.08
106,2018-11-19,2325,445.798,645.12,2437.12
106,2018-11-19,2330,477.513,368.64,1576.96
106,2018-11-19,2335,466.676,808.96,2437.12
106,2018-11-19,2340,579.729,798.72,2426.88
106,2018-11-19,2345,488.249,532.48,2426.88
106,2018-11-19,2350,447.853,563.2,2856.96
106,2018-11-19,2355,468.456,552.96,2734.08
106,2018-11-20,0000,451.142,768.0,2344.96
106,2018-11-20,0005,467.708,727.04,2283.52
106,2018-11-20,0010,499.496,624.64,2365.44
106,2018-11-20,0015,444.273,757.76,2682.88
106,2018-11-20,0020,484.127,614.4,2467.84
106,2018-11-20,0025,443.1,788.48,2426.88
106,2018-11-20,0030,464.308,614.4,2283.52
106,2018-11-20,0035,451.014,1423.36,2897.92
106,2018-11-20,0040,436.04,1320.96,2324.48
106,2018-11-20,0045,444.932,1617.92,2375.68
106,2018-11-20,0050,441.566,1699.84,2211.84
106,2018-11-20,0055,433.44,1894.4,2283.52
106,2018-11-20,0100,435.345,1628.16,2816.0
106,2018-11-20,0105,436.253,1187.84,2846.72
106,2018-11-20,0110,423.507,1628.16,2672.64
106,2018-11-20,0115,424.975,1904.64,2344.96
106,2018-11-20,0120,436.491,1669.12,2385.92
106,2018-11-20,0125,474.128,1361.92,2273.28
106,2018-11-20,0130,551.706,1802.24,2416.64
106,2018-11-20,0135,437.949,1832.96,2908.16
106,2018-11-20,0140,441.962,1873.92,2314.24
106,2018-11-20,0145,424.122,1863.68,2416.64
106,2018-11-20,0150,430.542,1884.16,2426.88
106,2018-11-20,0155,427.83,1925.12,2959.36
106,2018-11-20,0200,431.957,1792.0,2867.2
106,2018-11-20,0205,432.421,1904.64,2580.48
106,2018-11-20,0210,426.413,2088.96,2416.64
106,2018-11-20,0215,427.999,1976.32,2385.92
106,2018-11-20,0220,443.662,2201.6,2416.64
106,2018-11-20,0225,419.503,1433.6,2959.36
106,2018-11-20,0230,438.175,1935.36,2334.72
106,2018-11-20,0235,451.576,1986.56,2365.44
106,2018-11-20,0240,455.21,1853.44,2355.2
106,2018-11-20,0245,427.921,2232.32,2416.64
106,2018-11-20,0250,427.205,1904.64,2867.2
106,2018-11-20,0255,423.404,2160.64,2437.12
106,2018-11-20,0300,541.713,1925.12,2437.12
106,2018-11-20,0305,431.481,2222.08,2416.64
106,2018-11-20,0310,426.851,1873.92,2795.52
106,2018-11-20,0315,421.616,2140.16,2877.44
106,2018-11-20,0320,444.701,2027.52,2826.24
106,2018-11-20,0325,429.267,1945.6,2979.84
106,2018-11-20,0330,439.565,2211.84,2723.84
106,2018-11-20,0335,428.432,2160.64,2416.64
106,2018-11-20,0340,433.605,2211.84,2457.6
106,2018-11-20,0345,437.261,2222.08,2344.96
106,2018-11-20,0350,421.764,2201.6,2406.4
106,2018-11-20,0355,434.115,1853.44,2979.84
106,2018-11-20,0400,443.024,2048.0,2816.0
106,2018-11-20,0405,440.054,2160.64,2938.88
106,2018-11-20,0410,456.745,2232.32,2918.4
106,2018-11-20,0415,439.886,1976.32,2539.52
106,2018-11-20,0420,424.623,2211.84,2447.36
106,2018-11-20,0425,429.296,2222.08,2437.12
106,2018-11-20,0430,415.869,1720.32,2908.16
106,2018-11-20,0435,433.952,2160.64,2457.6
106,2018-11-20,0440,422.29,2160.64,2416.64
106,2018-11-20,0445,434.758,2129.92,2426.88
106,2018-11-20,0450,423.532,2222.08,2416.64
106,2018-11-20,0455,417.62,1955.84,2908.16
106,2018-11-20,0500,417.009,2027.52,2887.68
106,2018-11-20,0505,436.486,2150.4,2969.6
106,2018-11-20,0510,427.805,2201.6,2816.0
106,2018-11-20,0515,441.739,2222.08,2990.08
106,2018-11-20,0520,435.601,2222.08,2416.64
106,2018-11-20,0525,431.582,2222.08,2979.84
106,2018-11-20,0530,433.428,2181.12,2457.6
106,2018-11-20,0535,433.421,2222.08,2314.24
106,2018-11-20,0540,460.136,1955.84,2979.84
106,2018-11-20,0545,448.402,2201.6,2447.36
106,2018-11-20,0550,428.735,2068.48,2437.12
106,2018-11-20,0555,428.447,2222.08,2396.16
106,2018-11-20,0600,430.846,2242.56,2396.16
106,2018-11-20,0605,428.115,2160.64,2252.8
106,2018-11-20,0610,440.209,2078.72,2887.68
106,2018-11-20,0615,437.086,2160.64,2406.4
106,2018-11-20,0620,430.139,2222.08,2437.12
106,2018-11-20,0625,451.839,2181.12,2385.92
106,2018-11-20,0630,457.035,2211.84,2990.08
106,2018-11-20,0635,440.139,1566.72,2385.92
106,2018-11-20,0640,433.465,2119.68,2426.88
106,2018-11-20,0645,562.54,2191.36,2396.16
106,2018-11-20,0650,438.06,1679.36,2344.96
106,2018-11-20,0655,443.207,1894.4,2447.36
106,2018-11-20,0700,433.169,1822.72,604.16
106,2018-11-20,0705,438.084,1894.4,2867.2
106,2018-11-20,0710,439.575,1566.72,2785.28
106,2018-11-20,0715,415.841,1525.76,0.0
106,2018-11-20,0720,589.762,1792.0,2549.76
106,2018-11-20,0725,441.66,1873.92,2754.56
106,2018-11-20,0730,466.075,1822.72,2795.52
106,2018-11-20,0735,446.59,1720.32,2754.56
106,2018-11-20,0740,451.75,2191.36,2232.32
106,2018-11-20,0745,446.842,1925.12,2211.84
106,2018-11-20,0750,496.493,1986.56,2959.36
106,2018-11-20,0755,427.815,2099.2,2252.8
106,2018-11-20,0800,430.366,1955.84,2293.76
106,2018-11-20,0805,433.672,1904.64,2099.2
106,2018-11-20,0810,413.806,1812.48,2734.08
106,2018-11-20,0815,434.298,1597.44,2826.24
106,2018-11-20,0820,416.634,1884.16,2498.56
106,2018-11-20,0825,940.365,1536.0,2611.2
106,2018-11-20,0830,429.921,1832.96,1443.84
106,2018-11-20,0835,435.084,1218.56,1986.56
106,2018-11-20,0840,433.456,1710.08,1515.52
106,2018-11-20,0845,424.83,1576.96,2140.16
106,2018-11-20,0850,422.51,2007.04,2478.08
106,2018-11-20,0855,435.256,1884.16,2283.52
106,2018-11-20,0900,461.101,1781.76,2877.44
106,2018-11-20,0905,431.573,1751.04,1433.6
106,2018-11-20,0910,438.47,1945.6,2170.88
106,2018-11-20,0915,860.044,1607.68,1320.96
106,2018-11-20,0920,488.53,757.76,1658.88
106,2018-11-20,0925,469.783,1679.36,2682.88
106,2018-11-20,0930,466.356,1689.6,2836.48
106,2018-11-20,0935,440.127,1607.68,2795.52
106,2018-11-20,0940,449.779,1689.6,2969.6
106,2018-11-20,0945,448.81,1894.4,2242.56
106,2018-11-20,0950,449.584,1771.52,2795.52
106,2018-11-20,0955,464.76,1495.04,2570.24
106,2018-11-20,1000,468.285,1484.8,2099.2
106,2018-11-20,1005,438.258,1689.6,2908.16
106,2018-11-20,1010,461.734,1771.52,2263.04
106,2018-11-20,1015,434.109,1771.52,2181.12
106,2018-11-20,1020,505.205,1873.92,2211.84
106,2018-11-20,1025,453.147,1925.12,2273.28
106,2018-11-20,1030,467.818,2150.4,1986.56
106,2018-11-20,1035,445.341,2181.12,2304.0
106,2018-11-20,1040,434.885,2160.64,2938.88
106,2018-11-20,1045,937.35,1771.52,2191.36
106,2018-11-20,1050,436.383,1996.8,2160.64
106,2018-11-20,1055,445.085,1781.76,1966.08
106,2018-11-20,1100,480.373,1710.08,2119.68
106,2018-11-20,1105,442.974,1771.52,2938.88
106,2018-11-20,1110,420.601,1986.56,2119.68
106,2018-11-20,1115,437.679,1955.84,2242.56
106,2018-11-20,1120,458.408,1925.12,1361.92
106,2018-11-20,1125,440.032,1945.6,2099.2
106,2018-11-20,1130,442.681,1464.32,1658.88
106,2018-11-20,1135,441.31,1454.08,2314.24
106,2018-11-20,1140,449.302,1597.44,2078.72
106,2018-11-20,1145,630.006,1638.4,2201.6
106,2018-11-20,1150,446.806,1669.12,2846.72
106,2018-11-20,1155,428.466,1556.48,1976.32
106,2018-11-20,1200,453.118,1638.4,1812.48
106,2018-11-20,1205,451.328,1556.48,2068.48
106,2018-11-20,1210,455.64,1587.2,2181.12
106,2018-11-20,1215,461.672,1873.92,2877.44
106,2018-11-20,1220,515.654,1310.72,2017.28
106,2018-11-20,1225,971.173,1126.4,2508.8
106,2018-11-20,1230,581.968,1208.32,2600.96
106,2018-11-20,1235,930.196,1208.32,2467.84
106,2018-11-20,1240,446.152,1413.12,2682.88
106,2018-11-20,1245,442.657,1064.96,2590.72
106,2018-11-20,1250,420.425,1361.92,2426.88
106,2018-11-20,1255,472.259,1740.8,2344.96
106,2018-11-20,1300,473.185,1536.0,2058.24
106,2018-11-20,1305,538.264,1853.44,2099.2
106,2018-11-20,1310,490.029,1280.0,1044.48
106,2018-11-20,1315,499.038,1146.88,2385.92
106,2018-11-20,1320,498.53,778.24,2048.0
106,2018-11-20,1325,541.604,1536.0,1976.32
106,2018-11-20,1330,450.093,1433.6,2068.48
106,2018-11-20,1335,467.305,1792.0,2150.4
106,2018-11-20,1340,470.354,1781.76,1300.48
106,2018-11-20,1345,428.839,1699.84,2150.4
106,2018-11-20,1350,444.881,1454.08,2088.96
106,2018-11-20,1355,468.211,1679.36,2109.44
106,2018-11-20,1400,501.531,1935.36,2232.32
106,2018-11-20,1405,419.775,1699.84,2416.64
106,2018-11-20,1410,439.956,1873.92,2170.88
106,2018-11-20,1415,449.825,1792.0,2222.08
106,2018-11-20,1420,429.699,1402.88,1269.76
106,2018-11-20,1425,443.318,1914.88,2222.08
106,2018-11-20,1430,450.111,2232.32,2222.08
106,2018-11-20,1435,459.749,1034.24,2723.84
106,2018-11-20,1440,443.003,2037.76,2160.64
106,2018-11-20,1445,447.941,2160.64,2201.6
106,2018-11-20,1450,439.959,1843.2,1966.08
106,2018-11-20,1455,451.669,1925.12,2764.8
106,2018-11-20,1500,439.522,1566.72,2129.92
106,2018-11-20,1505,438.28,1515.52,2201.6
106,2018-11-20,1510,445.094,921.6,2037.76
106,2018-11-20,1515,444.419,1310.72,2447.36
106,2018-11-20,1520,460.037,1126.4,1689.6
106,2018-11-20,1525,446.542,1884.16,2129.92
106,2018-11-20,1530,467.937,1638.4,1976.32
106,2018-11-20,1535,430.023,1689.6,1402.88
106,2018-11-20,1540,431.395,2088.96,1443.84
106,2018-11-20,1545,466.353,1996.8,2846.72
106,2018-11-20,1550,471.32,1904.64,2068.48
106,2018-11-20,1555,442.001,1966.08,2856.96
106,2018-11-20,1600,453.67,1566.72,2222.08
106,2018-11-20,1605,448.296,1822.72,2805.76
106,2018-11-20,1610,456.676,1863.68,2109.44
106,2018-11-20,1615,458.428,1812.48,2222.08
106,2018-11-20,1620,454.81,1116.16,1669.12
106,2018-11-20,1625,436.738,1392.64,1474.56
106,2018-11-20,1630,415.255,1454.08,1812.48
106,2018-11-20,1635,415.003,1699.84,1822.72
106,2018-11-20,1640,423.457,1597.44,1423.36
106,2018-11-20,1645,473.107,1781.76,2160.64
106,2018-11-20,1650,467.258,1802.24,2201.6
106,2018-11-20,1655,461.621,1085.44,1525.76
106,2018-11-20,1700,470.049,1689.6,1300.48
106,2018-11-20,1705,420.756,1464.32,2529.28
106,2018-11-20,1710,428.29,1146.88,2529.28
106,2018-11-20,1715,469.658,1617.92,2334.72
106,2018-11-20,1720,483.438,1710.08,2222.08
106,2018-11-20,1725,441.826,1546.24,1116.16
106,2018-11-20,1730,444.726,1095.68,1454.08
106,2018-11-20,1735,428.655,1187.84,2007.04
106,2018-11-20,1740,442.495,1280.0,1925.12
106,2018-11-20,1745,423.096,1402.88,1832.96
106,2018-11-20,1750,433.065,1679.36,1474.56
106,2018-11-20,1755,425.526,1710.08,1443.84
106,2018-11-20,1800,443.936,1996.8,2119.68
106,2018-11-20,1805,415.461,1064.96,2580.48
106,2018-11-20,1810,443.389,1945.6,2529.28
106,2018-11-20,1815,433.188,1126.4,2570.24
106,2018-11-20,1820,448.905,1167.36,1986.56
106,2018-11-20,1825,449.208,1116.16,2088.96
106,2018-11-20,1830,453.148,1105.92,2058.24
106,2018-11-20,1835,461.919,1126.4,1966.08
106,2018-11-20,1840,436.991,1116.16,2007.04
106,2018-11-20,1845,443.314,1402.88,2181.12
106,2018-11-20,1850,645.752,563.2,1884.16
106,2018-11-20,1855,441.446,962.56,2519.04
106,2018-11-20,1900,466.969,1259.52,1955.84
106,2018-11-20,1905,463.076,1085.44,1699.84
106,2018-11-20,1910,454.564,1105.92,1802.24
106,2018-11-20,1915,469.954,788.48,1423.36
106,2018-11-20,1920,634.894,481.28,778.24
106,2018-11-20,1925,451.657,849.92,901.12
106,2018-11-20,1930,468.888,1464.32,2396.16
106,2018-11-20,1935,426.502,1136.64,2447.36
106,2018-11-20,1940,449.419,1894.4,1628.16
106,2018-11-20,1945,447.697,1638.4,2058.24
106,2018-11-20,1950,426.723,1771.52,1955.84
106,2018-11-20,1955,456.522,1372.16,2160.64
106,2018-11-20,2000,511.486,1351.68,2129.92
106,2018-11-20,2005,505.019,1515.52,2068.48
106,2018-11-20,2010,461.637,1679.36,1515.52
106,2018-11-20,2015,502.76,1464.32,2775.04
106,2018-11-20,2020,475.471,1740.8,2109.44
106,2018-11-20,2025,458.513,1372.16,2181.12
106,2018-11-20,2030,468.323,1525.76,2078.72
106,2018-11-20,2035,471.409,952.32,2170.88
106,2018-11-20,2040,539.012,1351.68,2170.88
106,2018-11-20,2045,519.612,931.84,1976.32
106,2018-11-20,2050,527.222,1290.24,2314.24
106,2018-11-20,2055,446.275,1740.8,1290.24
106,2018-11-20,2100,583.351,798.72,1751.04
106,2018-11-20,2105,451.961,819.2,1935.36
106,2018-11-20,2110,462.888,1505.28,2048.0
106,2018-11-20,2115,459.413,1044.48,2007.04
106,2018-11-20,2120,462.662,1443.84,1843.2
106,2018-11-20,2125,474.638,1013.76,1955.84
106,2018-11-20,2130,431.193,1003.52,1884.16
106,2018-11-20,2135,433.741,1761.28,2150.4
106,2018-11-20,2140,457.153,1126.4,2099.2
106,2018-11-20,2145,470.034,757.76,1648.64
106,2018-11-20,2150,443.931,1187.84,2140.16
106,2018-11-20,2155,466.702,1495.04,1464.32
106,2018-11-20,2200,520.351,368.64,1812.48
106,2018-11-20,2205,487.059,450.56,1474.56
106,2018-11-20,2210,506.231,655.36,696.32
106,2018-11-20,2215,455.54,1576.96,2181.12
106,2018-11-20,2220,519.788,706.56,901.12
106,2018-11-20,2225,488.001,665.6,2007.04
106,2018-11-20,2230,439.115,1044.48,1351.68
106,2018-11-20,2235,463.265,1454.08,2191.36
106,2018-11-20,2240,441.312,1505.28,2211.84
106,2018-11-20,2245,498.59,1505.28,2201.6
106,2018-11-20,2250,467.197,1771.52,2201.6
106,2018-11-20,2255,438.846,1505.28,1771.52
106,2018-11-20,2300,585.034,1945.6,2222.08
106,2018-11-20,2305,480.961,1228.8,2611.2
106,2018-11-20,2310,441.282,1536.0,2119.68
106,2018-11-20,2315,429.766,1536.0,2232.32
106,2018-11-20,2320,459.752,1157.12,2088.96
106,2018-11-20,2325,436.401,1464.32,2836.48
106,2018-11-20,2330,445.517,1617.92,2314.24
106,2018-11-20,2335,466.81,1392.64,2129.92
106,2018-11-20,2340,439.958,1331.2,2181.12
106,2018-11-20,2345,496.479,1607.68,2252.8
106,2018-11-20,2350,448.001,1638.4,2211.84
106,2018-11-20,2355,432.08,1832.96,2201.6
106,2018-11-21,0000,482.111,1761.28,2181.12
106,2018-11-21,0005,434.06,1034.24,2129.92
106,2018-11-21,0010,451.812,1525.76,2160.64
106,2018-11-21,0015,431.528,1730.56,2682.88
106,2018-11-21,0020,459.248,1126.4,1955.84
106,2018-11-21,0025,448.465,1392.64,2088.96
106,2018-11-21,0030,429.375,2170.88,2119.68
106,2018-11-21,0035,435.37,1935.36,2897.92
106,2018-11-21,0040,466.685,1894.4,2211.84
106,2018-11-21,0045,438.293,1976.32,2242.56
106,2018-11-21,0050,453.119,1966.08,2191.36
106,2018-11-21,0055,435.953,1003.52,1955.84
106,2018-11-21,0100,460.481,1730.56,2048.0
106,2018-11-21,0105,444.562,1761.28,2037.76
106,2018-11-21,0110,485.465,1935.36,2119.68
106,2018-11-21,0115,480.103,1689.6,2058.24
106,2018-11-21,0120,456.944,1751.04,2191.36
106,2018-11-21,0125,443.06,1280.0,2764.8
106,2018-11-21,0130,478.014,1607.68,2170.88
106,2018-11-21,0135,441.822,1669.12,2928.64
106,2018-11-21,0140,486.665,1945.6,2232.32
106,2018-11-21,0145,438.814,1812.48,2887.68
106,2018-11-21,0150,466.774,1607.68,2764.8
106,2018-11-21,0155,435.474,1904.64,2856.96
106,2018-11-21,0200,482.309,1730.56,2805.76
106,2018-11-21,0205,429.785,1873.92,2846.72
106,2018-11-21,0210,440.281,1423.36,2211.84
106,2018-11-21,0215,443.736,2027.52,2283.52
106,2018-11-21,0220,444.979,1853.44,2201.6
106,2018-11-21,0225,444.782,2068.48,2232.32
106,2018-11-21,0230,461.805,1925.12,2099.2
106,2018-11-21,0235,480.325,1372.16,2856.96
106,2018-11-21,0240,414.805,2109.44,2938.88
106,2018-11-21,0245,429.906,1863.68,2160.64
106,2018-11-21,0250,448.853,1515.52,2211.84
106,2018-11-21,0255,438.806,2140.16,2232.32
106,2018-11-21,0300,485.032,1689.6,2242.56
106,2018-11-21,0305,429.258,1792.0,2949.12
106,2018-11-21,0310,435.004,2170.88,2099.2
106,2018-11-21,0315,437.118,2140.16,2232.32
106,2018-11-21,0320,439.107,2191.36,2293.76
106,2018-11-21,0325,440.508,1884.16,2846.72
106,2018-11-21,0330,435.416,1904.64,2928.64
106,2018-11-21,0335,452.393,1751.04,2703.36
106,2018-11-21,0340,434.468,1945.6,2877.44
106,2018-11-21,0345,432.764,1628.16,2150.4
106,2018-11-21,0350,426.334,1863.68,2938.88
106,2018-11-21,0355,421.49,1966.08,2805.76
106,2018-11-21,0400,496.794,1976.32,2078.72
106,2018-11-21,0405,449.771,2088.96,2242.56
106,2018-11-21,0410,442.26,1914.88,2990.08
106,2018-11-21,0415,459.476,1566.72,2048.0
106,2018-11-21,0420,433.741,1792.0,2252.8
106,2018-11-21,0425,458.063,2027.52,2273.28
106,2018-11-21,0430,456.564,1761.28,2088.96
106,2018-11-21,0435,426.449,2088.96,2232.32
106,2018-11-21,0440,456.449,2048.0,2211.84
106,2018-11-21,0445,434.63,2170.88,2252.8
106,2018-11-21,0450,436.822,2211.84,2263.04
106,2018-11-21,0455,424.779,2242.56,2273.28
106,2018-11-21,0500,448.354,2170.88,2232.32
106,2018-11-21,0505,438.336,1925.12,2928.64
106,2018-11-21,0510,443.133,1996.8,2949.12
106,2018-11-21,0515,431.302,2222.08,2242.56
106,2018-11-21,0520,439.265,2201.6,2263.04
106,2018-11-21,0525,424.605,2232.32,2252.8
106,2018-11-21,0530,433.029,2211.84,2293.76
106,2018-11-21,0535,444.241,1873.92,2979.84
106,2018-11-21,0540,466.705,2058.24,2222.08
106,2018-11-21,0545,425.477,2201.6,2211.84
106,2018-11-21,0550,421.192,1945.6,2795.52
106,2018-11-21,0555,441.143,2222.08,2908.16
106,2018-11-21,0600,441.987,2170.88,2252.8
106,2018-11-21,0605,481.509,2140.16,2078.72
106,2018-11-21,0610,424.776,2222.08,2314.24
106,2018-11-21,0615,457.237,2211.84,2242.56
106,2018-11-21,0620,453.652,2232.32,2191.36
106,2018-11-21,0625,434.363,2201.6,2252.8
106,2018-11-21,0630,441.392,1126.4,2252.8
106,2018-11-21,0635,489.898,2201.6,2242.56
106,2018-11-21,0640,446.505,2160.64,2232.32
106,2018-11-21,0645,451.774,2088.96,1505.28
106,2018-11-21,0650,451.865,1863.68,2795.52
106,2018-11-21,0655,442.892,1986.56,2232.32
106,2018-11-21,0700,457.296,1617.92,2242.56
106,2018-11-21,0705,473.562,2078.72,2201.6
106,2018-11-21,0710,444.671,1904.64,2252.8
106,2018-11-21,0715,483.714,1699.84,2805.76
106,2018-11-21,0720,438.75,2109.44,2918.4
106,2018-11-21,0725,464.914,1556.48,2078.72
106,2018-11-21,0730,466.837,1720.32,2170.88
106,2018-11-21,0735,453.888,1669.12,2119.68
106,2018-11-21,0740,441.174,1699.84,2201.6
106,2018-11-21,0745,473.037,1792.0,2938.88
106,2018-11-21,0750,497.009,1884.16,1576.96
106,2018-11-21,0755,469.866,1648.64,2068.48
106,2018-11-21,0800,482.731,2088.96,1679.36
106,2018-11-21,0805,466.387,1904.64,2283.52
106,2018-11-21,0810,428.731,1566.72,2191.36
106,2018-11-21,0815,438.273,2007.04,2191.36
106,2018-11-21,0820,459.787,1894.4,2160.64
106,2018-11-21,0825,539.609,1822.72,2181.12
106,2018-11-21,0830,476.795,1249.28,2590.72
106,2018-11-21,0835,439.705,1320.96,2109.44
106,2018-11-21,0840,469.95,1812.48,2222.08
106,2018-11-21,0845,446.522,1699.84,2252.8
106,2018-11-21,0850,434.468,1443.84,2099.2
106,2018-11-21,0855,446.095,1474.56,2918.4
106,2018-11-21,0900,450.306,1607.68,2611.2
106,2018-11-21,0905,450.951,1638.4,2222.08
106,2018-11-21,0910,462.817,1495.04,2775.04
106,2018-11-21,0915,438.085,696.32,2826.24
106,2018-11-21,0920,446.09,1576.96,2641.92
106,2018-11-21,0925,423.933,1341.44,2867.2
106,2018-11-21,0930,480.832,1699.84,2181.12
106,2018-11-21,0935,437.762,1679.36,2181.12
106,2018-11-21,0940,439.798,1495.04,2058.24
106,2018-11-21,0945,448.304,1525.76,2119.68
106,2018-11-21,0950,441.76,1699.84,2109.44
106,2018-11-21,0955,504.773,1914.88,2058.24
106,2018-11-21,1000,453.685,1812.48,2201.6
106,2018-11-21,1005,480.359,1689.6,2140.16
106,2018-11-21,1010,444.297,1239.04,2355.2
106,2018-11-21,1015,471.786,1382.4,2754.56
106,2018-11-21,1020,476.676,1484.8,2129.92
106,2018-11-21,1025,454.548,1515.52,2846.72
106,2018-11-21,1030,452.851,1505.28,2938.88
106,2018-11-21,1035,451.416,1976.32,2734.08
106,2018-11-21,1040,453.075,1781.76,2160.64
106,2018-11-21,1045,433.011,1720.32,2140.16
106,2018-11-21,1050,483.437,1822.72,1720.32
106,2018-11-21,1055,453.577,1259.52,2129.92
106,2018-11-21,1100,630.013,1720.32,2754.56
106,2018-11-21,1105,443.034,870.4,1280.0
106,2018-11-21,1110,460.879,1320.96,1761.28
106,2018-11-21,1115,436.064,1054.72,2385.92
106,2018-11-21,1120,461.178,778.24,1792.0
106,2018-11-21,1125,423.212,788.48,1576.96
106,2018-11-21,1130,413.504,942.08,2385.92
106,2018-11-21,1135,501.089,942.08,2416.64
106,2018-11-21,1140,456.616,1402.88,1976.32
106,2018-11-21,1145,451.784,1617.92,2734.08
106,2018-11-21,1150,463.509,1556.48,2150.4
106,2018-11-21,1155,451.338,1689.6,1740.8
106,2018-11-21,1201,436.411,1914.88,2703.36
106,2018-11-21,1205,424.029,1966.08,2744.32
106,2018-11-21,1210,481.803,1884.16,2744.32
106,2018-11-21,1215,439.133,1832.96,2662.4
106,2018-11-21,1220,647.187,1556.48,2805.76
106,2018-11-21,1225,451.406,1515.52,2785.28
106,2018-11-21,1230,463.073,1146.88,1955.84
106,2018-11-21,1235,460.479,1116.16,2027.52
106,2018-11-21,1240,446.384,1730.56,2764.8
106,2018-11-21,1245,459.869,1413.12,2078.72
106,2018-11-21,1250,444.892,1382.4,2539.52
106,2018-11-21,1255,465.976,1484.8,2672.64
106,2018-11-21,1300,481.472,1832.96,2744.32
106,2018-11-21,1305,439.344,1699.84,2877.44
106,2018-11-21,1310,515.008,1607.68,2088.96
106,2018-11-21,1315,456.691,1341.44,2048.0
106,2018-11-21,1320,515.297,1740.8,2150.4
106,2018-11-21,1325,443.462,1454.08,1996.8
106,2018-11-21,1330,474.922,1699.84,2129.92
106,2018-11-21,1335,456.864,1536.0,2037.76
106,2018-11-21,1340,458.171,1873.92,2181.12
106,2018-11-21,1345,439.9,1648.64,2160.64
106,2018-11-21,1350,468.374,1996.8,2641.92
106,2018-11-21,1355,469.904,2078.72,2222.08
106,2018-11-21,1400,432.899,1689.6,2672.64
106,2018-11-21,1405,425.028,1884.16,1832.96
106,2018-11-21,1410,475.146,1863.68,2201.6
106,2018-11-21,1415,470.436,2058.24,2211.84
106,2018-11-21,1420,500.101,1966.08,2775.04
106,2018-11-21,1425,439.037,727.04,2580.48
106,2018-11-21,1430,441.317,1402.88,2846.72
106,2018-11-21,1435,431.406,1628.16,2170.88
106,2018-11-21,1440,439.471,1658.88,2252.8
106,2018-11-21,1445,464.816,1300.48,2856.96
106,2018-11-21,1450,433.344,1884.16,2170.88
106,2018-11-21,1455,435.09,1679.36,2160.64
106,2018-11-21,1500,505.003,1904.64,2283.52
106,2018-11-21,1505,502.881,2181.12,2908.16
106,2018-11-21,1510,453.837,1331.2,1822.72
106,2018-11-21,1515,448.926,1269.76,2805.76
106,2018-11-21,1520,453.324,1781.76,2273.28
106,2018-11-21,1525,429.768,1720.32,2129.92
106,2018-11-21,1530,457.496,1730.56,2078.72
106,2018-11-21,1535,450.445,1935.36,2785.28
106,2018-11-21,1540,446.393,1873.92,2938.88
106,2018-11-21,1545,438.484,2068.48,2263.04
106,2018-11-21,1550,484.861,1976.32,2498.56
106,2018-11-21,1555,442.4,1894.4,2150.4
106,2018-11-21,1600,450.48,2119.68,2211.84
106,2018-11-21,1605,456.779,1884.16,1771.52
106,2018-11-21,1610,449.425,1884.16,2897.92
106,2018-11-21,1615,444.013,1536.0,2170.88
106,2018-11-21,1620,453.395,1382.4,2232.32
106,2018-11-21,1625,431.727,1904.64,1536.0
106,2018-11-21,1630,503.495,1843.2,1914.88
106,2018-11-21,1635,452.422,1884.16,2273.28
106,2018-11-21,1640,493.118,1925.12,2897.92
106,2018-11-21,1645,460.972,1536.0,2652.16
106,2018-11-21,1650,484.437,1884.16,2560.0
106,2018-11-21,1655,433.004,1679.36,2856.96
106,2018-11-21,1700,470.487,1443.84,2201.6
106,2018-11-21,1705,501.598,942.08,2109.44
106,2018-11-21,1710,480.801,1781.76,2621.44
106,2018-11-21,1715,494.764,1433.6,2191.36
106,2018-11-21,1720,457.917,1413.12,2129.92
106,2018-11-21,1725,483.228,1198.08,2211.84
106,2018-11-21,1730,463.051,1341.44,1976.32
106,2018-11-21,1735,582.916,1556.48,1925.12
106,2018-11-21,1740,446.324,1177.6,2222.08
106,2018-11-21,1745,478.282,481.28,2099.2
106,2018-11-21,1750,468.087,1208.32,2816.0
106,2018-11-21,1755,470.919,1495.04,2570.24
106,2018-11-21,1800,444.354,1361.92,2283.52
106,2018-11-21,1805,464.269,1300.48,2017.28
106,2018-11-21,1810,469.15,1658.88,2211.84
106,2018-11-21,1815,445.102,1495.04,2170.88
106,2018-11-21,1820,484.069,1310.72,2078.72
106,2018-11-21,1825,468.592,1413.12,2017.28
106,2018-11-21,1830,471.807,1597.44,2027.52
106,2018-11-21,1835,474.435,1157.12,1372.16
106,2018-11-21,1840,486.787,849.92,2099.2
106,2018-11-21,1845,456.434,1628.16,2129.92
106,2018-11-21,1850,438.467,1392.64,2826.24
106,2018-11-21,1855,446.812,808.96,2109.44
106,2018-11-21,1900,481.34,1474.56,2099.2
106,2018-11-21,1905,450.196,1669.12,1986.56
106,2018-11-21,1910,465.123,1536.0,1822.72
106,2018-11-21,1915,476.595,1382.4,2119.68
106,2018-11-21,1920,430.193,1034.24,1300.48
106,2018-11-21,1925,442.705,819.2,2119.68
106,2018-11-21,1930,431.14,1351.68,1157.12
106,2018-11-21,1935,437.582,1464.32,1423.36
106,2018-11-21,1940,426.183,1290.24,1392.64
106,2018-11-21,1945,430.855,1218.56,1914.88
106,2018-11-21,1950,429.852,1423.36,1454.08
106,2018-11-21,1955,454.773,1382.4,1423.36
106,2018-11-21,2000,426.978,1556.48,2160.64
106,2018-11-21,2005,447.946,1392.64,1945.6
106,2018-11-21,2010,467.933,1177.6,2078.72
106,2018-11-21,2015,462.335,1597.44,1495.04
106,2018-11-21,2020,476.174,1536.0,2140.16
106,2018-11-21,2025,448.4,1300.48,2160.64
106,2018-11-21,2030,443.496,1177.6,2129.92
106,2018-11-21,2035,453.336,1495.04,2007.04
106,2018-11-21,2040,466.584,1310.72,2119.68
106,2018-11-21,2045,481.161,983.04,2058.24
106,2018-11-21,2050,488.411,1382.4,2027.52
106,2018-11-21,2055,441.783,1413.12,2222.08
106,2018-11-21,2100,454.625,1546.24,2201.6
106,2018-11-21,2105,447.024,1751.04,2129.92
106,2018-11-21,2110,487.432,1515.52,2109.44
106,2018-11-21,2115,473.342,1228.8,2048.0
106,2018-11-21,2120,451.959,1433.6,2170.88
106,2018-11-21,2125,461.318,1720.32,2150.4
106,2018-11-21,2130,559.145,1802.24,2785.28
106,2018-11-21,2135,436.012,2068.48,2252.8
106,2018-11-21,2140,521.56,1792.0,2222.08
106,2018-11-21,2145,468.057,1187.84,2150.4
106,2018-11-21,2150,446.535,1372.16,2662.4
106,2018-11-21,2155,445.372,1873.92,2140.16
106,2018-11-21,2200,460.369,1802.24,2211.84
106,2018-11-21,2205,433.306,1740.8,2037.76
106,2018-11-21,2210,451.442,1628.16,2078.72
106,2018-11-21,2215,503.539,1904.64,2099.2
106,2018-11-21,2220,444.601,1628.16,2877.44
106,2018-11-21,2225,434.909,1454.08,2201.6
106,2018-11-21,2230,476.973,1832.96,2232.32
106,2018-11-21,2235,431.385,1935.36,2232.32
106,2018-11-21,2240,438.39,1843.2,2232.32
106,2018-11-21,2245,437.622,1495.04,2211.84
106,2018-11-21,2250,461.522,1607.68,2897.92
106,2018-11-21,2255,436.358,1802.24,2877.44
106,2018-11-21,2300,453.337,1945.6,2232.32
106,2018-11-21,2305,436.787,1966.08,2201.6
106,2018-11-21,2310,475.294,1966.08,2170.88
106,2018-11-21,2315,431.497,1904.64,2252.8
106,2018-11-21,2320,561.45,1259.52,2201.6
106,2018-11-21,2325,428.44,1853.44,1976.32
106,2018-11-21,2330,507.257,1873.92,2252.8
106,2018-11-21,2335,425.597,1576.96,2805.76
106,2018-11-21,2340,444.601,1280.0,2109.44
106,2018-11-21,2345,476.512,1167.36,2140.16
106,2018-11-21,2350,436.105,1464.32,2887.68
106,2018-11-21,2355,443.585,1576.96,2672.64
106,2018-11-22,0000,557.828,1843.2,2795.52
106,2018-11-22,0005,426.669,1228.8,2170.88
106,2018-11-22,0010,428.473,1863.68,2222.08
106,2018-11-22,0015,445.012,1576.96,1945.6
106,2018-11-22,0020,524.955,1228.8,2181.12
106,2018-11-22,0025,435.083,1904.64,2140.16
106,2018-11-22,0030,550.036,1802.24,1986.56
106,2018-11-22,0035,435.343,1228.8,1955.84
106,2018-11-22,0040,465.108,1853.44,2263.04
106,2018-11-22,0045,445.376,1853.44,2723.84
106,2018-11-22,0050,459.539,1638.4,2273.28
106,2018-11-22,0055,440.6,1884.16,2908.16
106,2018-11-22,0100,430.117,1781.76,2181.12
106,2018-11-22,0105,494.923,1607.68,2078.72
106,2018-11-22,0110,441.205,1730.56,2211.84
106,2018-11-22,0115,449.847,1044.48,2170.88
106,2018-11-22,0120,447.043,1873.92,2273.28
106,2018-11-22,0125,439.97,1884.16,2211.84
106,2018-11-22,0130,512.966,1843.2,2150.4
106,2018-11-22,0135,423.225,1884.16,2232.32
106,2018-11-22,0140,449.724,2222.08,952.32
106,2018-11-22,0145,466.976,2037.76,2232.32
106,2018-11-22,0150,435.126,2027.52,2109.44
106,2018-11-22,0155,445.425,1863.68,2252.8
106,2018-11-22,0200,452.601,1720.32,2908.16
106,2018-11-22,0205,460.526,1300.48,2846.72
106,2018-11-22,0210,425.091,1873.92,2088.96
106,2018-11-22,0215,481.703,1454.08,2334.72
106,2018-11-22,0220,434.718,2170.88,2263.04
106,2018-11-22,0225,433.963,2222.08,2181.12
106,2018-11-22,0230,449.969,1802.24,2201.6
106,2018-11-22,0235,443.317,1884.16,2252.8
106,2018-11-22,0240,461.4,1935.36,2119.68
106,2018-11-22,0245,449.309,1576.96,2140.16
106,2018-11-22,0250,437.142,1085.44,2887.68
106,2018-11-22,0255,432.197,2007.04,2816.0
106,2018-11-22,0300,415.712,1720.32,2805.76
106,2018-11-22,0305,423.235,1986.56,2805.76
106,2018-11-22,0310,450.567,1792.0,2785.28
106,2018-11-22,0315,445.231,1617.92,2252.8
106,2018-11-22,0320,474.95,2150.4,2232.32
106,2018-11-22,0325,447.462,1863.68,2304.0
106,2018-11-22,0330,420.526,1392.64,2959.36
106,2018-11-22,0335,438.353,1873.92,2109.44
106,2018-11-22,0340,465.189,2232.32,2232.32
106,2018-11-22,0345,447.517,1710.08,2273.28
106,2018-11-22,0350,438.128,2252.8,2273.28
106,2018-11-22,0355,433.013,2181.12,2242.56
106,2018-11-22,0400,464.983,2211.84,2324.48
106,2018-11-22,0405,430.042,1781.76,2211.84
106,2018-11-22,0410,458.364,2191.36,2273.28
106,2018-11-22,0415,439.863,1884.16,2949.12
106,2018-11-22,0420,427.998,1648.64,2918.4
106,2018-11-22,0425,446.119,1628.16,2918.4
106,2018-11-22,0430,422.282,1556.48,2324.48
106,2018-11-22,0435,,,
106,2018-11-22,0440,454.133,1904.64,2263.04
106,2018-11-22,0445,485.041,2191.36,2222.08
106,2018-11-22,0450,438.452,2222.08,2324.48
106,2018-11-22,0455,437.748,1556.48,2744.32
106,2018-11-22,0500,427.963,2232.32,2365.44
106,2018-11-22,0505,437.76,2201.6,2232.32
106,2018-11-22,0510,453.035,1853.44,2191.36
106,2018-11-22,0515,481.797,2211.84,2304.0
106,2018-11-22,0520,455.351,2211.84,2355.2
106,2018-11-22,0525,443.381,2119.68,2068.48
106,2018-11-22,0530,455.563,1812.48,2324.48
106,2018-11-22,0535,451.408,1648.64,2160.64
106,2018-11-22,0540,458.568,2170.88,2283.52
106,2018-11-22,0545,440.008,2211.84,2252.8
106,2018-11-22,0550,432.394,2058.24,2222.08
106,2018-11-22,0555,440.977,1710.08,2263.04
106,2018-11-22,0600,469.083,2211.84,2283.52
106,2018-11-22,0605,439.089,1966.08,2242.56
106,2018-11-22,0610,469.698,2048.0,2263.04
106,2018-11-22,0615,,,
106,2018-11-22,0620,,,
106,2018-11-22,0625,,,
106,2018-11-22,0630,775.527,0.0,0.0
106,2018-11-22,0635,,,
106,2018-11-22,0640,,,
106,2018-11-22,0645,,,
106,2018-11-22,0650,,,
106,2018-11-22,0655,,,
106,2018-11-22,0700,,,
106,2018-11-22,0705,449.081,522.24,296.96
106,2018-11-22,0710,,,
106,2018-11-22,0715,,,
106,2018-11-22,0720,,,
106,2018-11-22,0725,,,
106,2018-11-22,0730,,,
106,2018-11-22,0735,,,
106,2018-11-22,0740,,,
106,2018-11-22,0745,,,
106,2018-11-22,0750,1200406.932,0.0,440.32
106,2018-11-22,0755,,,
106,2018-11-22,0800,,,
106,2018-11-22,0805,,,
106,2018-11-22,0810,,,
106,2018-11-22,0815,,,
106,2018-11-22,0820,,,
347,2018-11-22,0825,,,
347,2018-11-22,0830,355.821,204.8,819.2
347,2018-11-22,0835,,,
347,2018-11-22,0840,,,
347,2018-11-22,0845,,,
347,2018-11-22,0850,,,
347,2018-11-22,0855,630.996,215.04,1515.52
347,2018-11-22,0900,,,
347,2018-11-22,0905,,,
347,2018-11-22,0910,793.438,296.96,1269.76
347,2018-11-22,0915,,,
347,2018-11-22,0920,,,
347,2018-11-22,0925,583.274,,
